Team 1,Team 2,Winner,Margin,Ground,Match Date,Scorecard
CSK,RR,RR,3 wickets,DY Patil,"Jun 1, 2008",Twenty20
CSK,Kings XI,CSK,9 wickets,Wankhede,"May 31, 2008",Twenty20
Daredevils,RR,RR,105 runs,Wankhede,"May 30, 2008",Twenty20
Kings XI,RR,Kings XI,41 runs,Mohali,"May 28, 2008",Twenty20
RCB,MI,MI,9 wickets,Bengaluru,"May 28, 2008",Twenty20
Chargers,CSK,CSK,7 wickets,Hyderabad,"May 27, 2008",Twenty20
RR,MI,RR,5 wickets,Jaipur,"May 26, 2008",Twenty20
KKR,Kings XI,KKR,3 wickets,Eden Gardens,"May 25, 2008",Twenty20
Chargers,RCB,RCB,5 wickets,Hyderabad,"May 25, 2008",Twenty20
Daredevils,MI,Daredevils,5 wickets,Delhi,"May 24, 2008",Twenty20
CSK,RR,RR,10 runs,Chennai,"May 24, 2008",Twenty20
Kings XI,Chargers,Kings XI,6 wickets,Mohali,"May 23, 2008",Twenty20
CSK,RCB,RCB,14 runs,Chennai,"May 21, 2008",Twenty20
MI,Kings XI,Kings XI,1 run,Wankhede,"May 21, 2008",Twenty20
KKR,RR,RR,6 wickets,Eden Gardens,"May 20, 2008",Twenty20
RCB,Daredevils,Daredevils,5 wickets,Bengaluru,"May 19, 2008",Twenty20
Chargers,MI,MI,25 runs,Hyderabad,"May 18, 2008",Twenty20
KKR,CSK,CSK,3 runs,Eden Gardens,"May 18, 2008",Twenty20
Daredevils,Kings XI,Kings XI,6 runs,Delhi,"May 17, 2008",Twenty20
RR,RCB,RR,65 runs,Jaipur,"May 17, 2008",Twenty20
MI,KKR,MI,8 wickets,Wankhede,"May 16, 2008",Twenty20
Daredevils,Chargers,Daredevils,12 runs,Delhi,"May 15, 2008",Twenty20
MI,CSK,MI,9 wickets,Wankhede,"May 14, 2008",Twenty20
KKR,Daredevils,KKR,23 runs,Eden Gardens,"May 13, 2008",Twenty20
Kings XI,RCB,Kings XI,9 wickets,Mohali,"May 12, 2008",Twenty20
RR,Daredevils,RR,3 wickets,Jaipur,"May 11, 2008",Twenty20
Chargers,KKR,KKR,23 runs,Hyderabad,"May 11, 2008",Twenty20
CSK,Kings XI,CSK,18 runs,Chennai,"May 10, 2008",Twenty20
RR,Chargers,RR,8 wickets,Jaipur,"May 9, 2008",Twenty20
KKR,RCB,KKR,5 runs,Eden Gardens,"May 8, 2008",Twenty20
Daredevils,CSK,CSK,4 wickets,Delhi,"May 8, 2008",Twenty20
MI,RR,MI,7 wickets,DY Patil,"May 7, 2008",Twenty20
CSK,Chargers,Chargers,7 wickets,Chennai,"May 6, 2008",Twenty20
RCB,Kings XI,Kings XI,6 wickets,Bengaluru,"May 5, 2008",Twenty20
RR,CSK,RR,8 wickets,Jaipur,"May 4, 2008",Twenty20
MI,Daredevils,MI,29 runs,DY Patil,"May 4, 2008",Twenty20
Kings XI,KKR,Kings XI,9 runs,Mohali,"May 3, 2008",Twenty20
RCB,Chargers,RCB,3 runs,Bengaluru,"May 3, 2008",Twenty20
CSK,Daredevils,Daredevils,8 wickets,Chennai,"May 2, 2008",Twenty20
Chargers,Kings XI,Kings XI,7 wickets,Hyderabad,"May 1, 2008",Twenty20
RR,KKR,RR,45 runs,Jaipur,"May 1, 2008",Twenty20
Daredevils,RCB,Daredevils,10 runs,Delhi,"Apr 30, 2008",Twenty20
KKR,MI,MI,7 wickets,Eden Gardens,"Apr 29, 2008",Twenty20
RCB,CSK,CSK,13 runs,Bengaluru,"Apr 28, 2008",Twenty20
MI,Chargers,Chargers,10 wickets,DY Patil,"Apr 27, 2008",Twenty20
Kings XI,Daredevils,Kings XI,4 wickets,Mohali,"Apr 27, 2008",Twenty20
RCB,RR,RR,7 wickets,Bengaluru,"Apr 26, 2008",Twenty20
CSK,KKR,CSK,9 wickets,Chennai,"Apr 26, 2008",Twenty20
Kings XI,MI,Kings XI,66 runs,Mohali,"Apr 25, 2008",Twenty20
Chargers,RR,RR,3 wickets,Hyderabad,"Apr 24, 2008",Twenty20
CSK,MI,CSK,6 runs,Chennai,"Apr 23, 2008",Twenty20
Chargers,Daredevils,Daredevils,9 wickets,Hyderabad,"Apr 22, 2008",Twenty20
RR,Kings XI,RR,6 wickets,Jaipur,"Apr 21, 2008",Twenty20
MI,RCB,RCB,5 wickets,Wankhede,"Apr 20, 2008",Twenty20
KKR,Chargers,KKR,5 wickets,Eden Gardens,"Apr 20, 2008",Twenty20
Daredevils,RR,Daredevils,9 wickets,Delhi,"Apr 19, 2008",Twenty20
Kings XI,CSK,CSK,33 runs,Mohali,"Apr 19, 2008",Twenty20
RCB,KKR,KKR,140 runs,Bengaluru,"Apr 18, 2008",Twenty20
Team 1,Team 2,Winner,Margin,Ground,Match Date,Scorecard
Chargers,RCB,Chargers,6 runs,Johannesburg,"May 24, 2009",Twenty20
CSK,RCB,RCB,6 wickets,Johannesburg,"May 23, 2009",Twenty20
Chargers,Daredevils,Chargers,6 wickets,Centurion,"May 22, 2009",Twenty20
RCB,Chargers,RCB,12 runs,Centurion,"May 21, 2009",Twenty20
Daredevils,MI,Daredevils,4 wickets,Centurion,"May 21, 2009",Twenty20
CSK,Kings XI,CSK,24 runs,Durban,"May 20, 2009",Twenty20
KKR,RR,KKR,4 wickets,Durban,"May 20, 2009",Twenty20
RCB,Daredevils,RCB,7 wickets,Johannesburg,"May 19, 2009",Twenty20
CSK,KKR,KKR,7 wickets,Centurion,"May 18, 2009",Twenty20
Daredevils,RR,Daredevils,14 runs,Bloemfontein,"May 17, 2009",Twenty20
Chargers,Kings XI,Kings XI,1 run,Johannesburg,"May 17, 2009",Twenty20
Chargers,KKR,Chargers,6 wickets,Johannesburg,"May 16, 2009",Twenty20
CSK,MI,CSK,7 wickets,Gqeberha,"May 16, 2009",Twenty20
Daredevils,Kings XI,Kings XI,6 wickets,Bloemfontein,"May 15, 2009",Twenty20
MI,RR,RR,2 runs,Durban,"May 14, 2009",Twenty20
RCB,CSK,RCB,2 wickets,Durban,"May 14, 2009",Twenty20
Chargers,Daredevils,Daredevils,12 runs,Durban,"May 13, 2009",Twenty20
Kings XI,MI,MI,8 wickets,Centurion,"May 12, 2009",Twenty20
RCB,KKR,RCB,6 wickets,Centurion,"May 12, 2009",Twenty20
Chargers,RR,Chargers,53 runs,Kimberley,"May 11, 2009",Twenty20
Daredevils,KKR,Daredevils,7 wickets,Johannesburg,"May 10, 2009",Twenty20
RCB,MI,MI,16 runs,Gqeberha,"May 10, 2009",Twenty20
CSK,RR,CSK,7 wickets,Kimberley,"May 9, 2009",Twenty20
Chargers,Kings XI,Kings XI,3 wickets,Kimberley,"May 9, 2009",Twenty20
Daredevils,MI,Daredevils,7 wickets,East London,"May 8, 2009",Twenty20
CSK,Kings XI,CSK,12 runs,Centurion,"May 7, 2009",Twenty20
RCB,RR,RR,7 wickets,Centurion,"May 7, 2009",Twenty20
Chargers,MI,Chargers,19 runs,Centurion,"May 6, 2009",Twenty20
Daredevils,KKR,Daredevils,9 wickets,Durban,"May 5, 2009",Twenty20
Kings XI,RR,RR,78 runs,Durban,"May 5, 2009",Twenty20
CSK,Chargers,CSK,78 runs,East London,"May 4, 2009",Twenty20
RCB,MI,RCB,9 wickets,Johannesburg,"May 3, 2009",Twenty20
Kings XI,KKR,Kings XI,6 wickets,Gqeberha,"May 3, 2009",Twenty20
CSK,Daredevils,CSK,18 runs,Johannesburg,"May 2, 2009",Twenty20
Chargers,RR,RR,3 wickets,Gqeberha,"May 2, 2009",Twenty20
RCB,Kings XI,RCB,8 runs,Durban,"May 1, 2009",Twenty20
KKR,MI,MI,9 runs,East London,"May 1, 2009",Twenty20
CSK,RR,CSK,38 runs,Centurion,"Apr 30, 2009",Twenty20
Chargers,Daredevils,Daredevils,6 wickets,Centurion,"Apr 30, 2009",Twenty20
Kings XI,MI,Kings XI,3 runs,Durban,"Apr 29, 2009",Twenty20
RCB,KKR,RCB,5 wickets,Durban,"Apr 29, 2009",Twenty20
Daredevils,RR,RR,5 wickets,Centurion,"Apr 28, 2009",Twenty20
KKR,MI,MI,92 runs,Gqeberha,"Apr 27, 2009",Twenty20
CSK,Chargers,Chargers,6 wickets,Durban,"Apr 27, 2009",Twenty20
Kings XI,RR,Kings XI,27 runs,Cape Town,"Apr 26, 2009",Twenty20
RCB,Daredevils,Daredevils,6 wickets,Gqeberha,"Apr 26, 2009",Twenty20
Chargers,MI,Chargers,12 runs,Durban,"Apr 25, 2009",Twenty20
RCB,Kings XI,Kings XI,7 wickets,Durban,"Apr 24, 2009",Twenty20
KKR,RR,tied,-,Cape Town,"Apr 23, 2009",Twenty20
CSK,Daredevils,Daredevils,9 runs,Durban,"Apr 23, 2009",Twenty20
RCB,Chargers,Chargers,24 runs,Cape Town,"Apr 22, 2009",Twenty20
Kings XI,KKR,KKR,11 runs,Durban,"Apr 21, 2009",Twenty20
RCB,CSK,CSK,92 runs,Gqeberha,"Apr 20, 2009",Twenty20
Chargers,KKR,Chargers,8 wickets,Cape Town,"Apr 19, 2009",Twenty20
Daredevils,Kings XI,Daredevils,10 wickets,Cape Town,"Apr 19, 2009",Twenty20
RCB,RR,RCB,75 runs,Cape Town,"Apr 18, 2009",Twenty20
CSK,MI,MI,19 runs,Cape Town,"Apr 18, 2009",Twenty20
Team 1,Team 2,Winner,Margin,Ground,Match Date,Scorecard
MI,CSK,CSK,22 runs,DY Patil,"Apr 25, 2010",Twenty20
Chargers,RCB,RCB,9 wickets,DY Patil,"Apr 24, 2010",Twenty20
CSK,Chargers,CSK,38 runs,DY Patil,"Apr 22, 2010",Twenty20
MI,RCB,MI,35 runs,DY Patil,"Apr 21, 2010",Twenty20
KKR,MI,KKR,9 wickets,Eden Gardens,"Apr 19, 2010",Twenty20
Daredevils,Chargers,Chargers,11 runs,Delhi,"Apr 18, 2010",Twenty20
Kings XI,CSK,CSK,6 wickets,Dharamsala,"Apr 18, 2010",Twenty20
KKR,RR,KKR,8 wickets,Eden Gardens,"Apr 17, 2010",Twenty20
RCB,MI,MI,57 runs,Bengaluru,"Apr 17, 2010",Twenty20
Kings XI,Chargers,Chargers,5 wickets,Dharamsala,"Apr 16, 2010",Twenty20
CSK,Daredevils,Daredevils,6 wickets,Chennai,"Apr 15, 2010",Twenty20
RR,RCB,RCB,5 wickets,Jaipur,"Apr 14, 2010",Twenty20
CSK,KKR,CSK,9 wickets,Chennai,"Apr 13, 2010",Twenty20
MI,Daredevils,MI,39 runs,Brabourne,"Apr 13, 2010",Twenty20
Chargers,RCB,Chargers,13 runs,Nagpur,"Apr 12, 2010",Twenty20
RR,MI,MI,37 runs,Jaipur,"Apr 11, 2010",Twenty20
Daredevils,Kings XI,Kings XI,7 wickets,Delhi,"Apr 11, 2010",Twenty20
RCB,KKR,RCB,7 wickets,Bengaluru,"Apr 10, 2010",Twenty20
Chargers,CSK,Chargers,6 wickets,Nagpur,"Apr 10, 2010",Twenty20
Kings XI,MI,Kings XI,6 wickets,Mohali,"Apr 9, 2010",Twenty20
RCB,Chargers,Chargers,7 wickets,Bengaluru,"Apr 8, 2010",Twenty20
KKR,Daredevils,KKR,14 runs,Eden Gardens,"Apr 7, 2010",Twenty20
RR,Kings XI,RR,9 wickets,Jaipur,"Apr 7, 2010",Twenty20
CSK,MI,CSK,24 runs,Chennai,"Apr 6, 2010",Twenty20
Chargers,RR,RR,2 runs,Nagpur,"Apr 5, 2010",Twenty20
Daredevils,RCB,Daredevils,37 runs,Delhi,"Apr 4, 2010",Twenty20
KKR,Kings XI,Kings XI,8 wickets,Eden Gardens,"Apr 4, 2010",Twenty20
MI,Chargers,MI,63 runs,Brabourne,"Apr 3, 2010",Twenty20
CSK,RR,CSK,23 runs,Chennai,"Apr 3, 2010",Twenty20
Kings XI,RCB,RCB,6 wickets,Mohali,"Apr 2, 2010",Twenty20
KKR,Chargers,KKR,24 runs,Eden Gardens,"Apr 1, 2010",Twenty20
Daredevils,RR,Daredevils,67 runs,Delhi,"Mar 31, 2010",Twenty20
CSK,RCB,CSK,5 wickets,Chennai,"Mar 31, 2010",Twenty20
MI,Kings XI,MI,4 wickets,Brabourne,"Mar 30, 2010",Twenty20
Daredevils,KKR,Daredevils,40 runs,Delhi,"Mar 29, 2010",Twenty20
Chargers,MI,MI,41 runs,DY Patil,"Mar 28, 2010",Twenty20
RR,CSK,RR,17 runs,Ahmedabad,"Mar 28, 2010",Twenty20
Kings XI,KKR,KKR,39 runs,Mohali,"Mar 27, 2010",Twenty20
RR,Chargers,RR,8 wickets,Ahmedabad,"Mar 26, 2010",Twenty20
MI,CSK,MI,5 wickets,Brabourne,"Mar 25, 2010",Twenty20
RCB,Daredevils,Daredevils,17 runs,Bengaluru,"Mar 25, 2010",Twenty20
Kings XI,RR,RR,31 runs,Mohali,"Mar 24, 2010",Twenty20
RCB,CSK,RCB,36 runs,Bengaluru,"Mar 23, 2010",Twenty20
MI,KKR,MI,7 wickets,Brabourne,"Mar 22, 2010",Twenty20
CSK,Kings XI,tied,-,Chennai,"Mar 21, 2010",Twenty20
Chargers,Daredevils,Chargers,10 runs,Cuttack,"Mar 21, 2010",Twenty20
MI,RCB,RCB,7 wickets,Brabourne,"Mar 20, 2010",Twenty20
RR,KKR,RR,34 runs,Ahmedabad,"Mar 20, 2010",Twenty20
Chargers,Kings XI,Chargers,6 runs,Cuttack,"Mar 19, 2010",Twenty20
Daredevils,CSK,CSK,5 wickets,Delhi,"Mar 19, 2010",Twenty20
RCB,RR,RCB,10 wickets,Bengaluru,"Mar 18, 2010",Twenty20
Daredevils,MI,MI,98 runs,Delhi,"Mar 17, 2010",Twenty20
KKR,CSK,CSK,55 runs,Eden Gardens,"Mar 16, 2010",Twenty20
RCB,Kings XI,RCB,8 wickets,Bengaluru,"Mar 16, 2010",Twenty20
RR,Daredevils,Daredevils,6 wickets,Ahmedabad,"Mar 15, 2010",Twenty20
CSK,Chargers,Chargers,31 runs,Chennai,"Mar 14, 2010",Twenty20
KKR,RCB,KKR,7 wickets,Eden Gardens,"Mar 14, 2010",Twenty20
Kings XI,Daredevils,Daredevils,5 wickets,Mohali,"Mar 13, 2010",Twenty20
MI,RR,MI,4 runs,Brabourne,"Mar 13, 2010",Twenty20
Chargers,KKR,KKR,11 runs,DY Patil,"Mar 12, 2010",Twenty20
Team 1,Team 2,Winner,Margin,Ground,Match Date,Scorecard
CSK,RCB,CSK,58 runs,Chennai,"May 28, 2011",Twenty20
MI,RCB,RCB,43 runs,Chennai,"May 27, 2011",Twenty20
MI,KKR,MI,4 wickets,Wankhede,"May 25, 2011",Twenty20
CSK,RCB,CSK,6 wickets,Wankhede,"May 24, 2011",Twenty20
KKR,MI,MI,5 wickets,Eden Gardens,"May 22, 2011",Twenty20
RCB,CSK,RCB,8 wickets,Bengaluru,"May 22, 2011",Twenty20
Daredevils,Warriors,no result,-,Delhi,"May 21, 2011",Twenty20
Kings XI,Chargers,Chargers,82 runs,Dharamsala,"May 21, 2011",Twenty20
MI,RR,RR,10 wickets,Wankhede,"May 20, 2011",Twenty20
Warriors,KKR,KKR,7 wickets,DY Patil,"May 19, 2011",Twenty20
CSK,Kochi,CSK,11 runs,Chennai,"May 18, 2011",Twenty20
Kings XI,RCB,Kings XI,111 runs,Dharamsala,"May 17, 2011",Twenty20
Warriors,Chargers,Chargers,6 wickets,DY Patil,"May 16, 2011",Twenty20
Kochi,RR,Kochi,8 wickets,Indore,"May 15, 2011",Twenty20
Kings XI,Daredevils,Kings XI,29 runs,Dharamsala,"May 15, 2011",Twenty20
MI,Chargers,Chargers,10 runs,Wankhede,"May 14, 2011",Twenty20
RCB,KKR,RCB,4 wickets,Bengaluru,"May 14, 2011",Twenty20
Kochi,Kings XI,Kings XI,6 wickets,Indore,"May 13, 2011",Twenty20
CSK,Daredevils,CSK,18 runs,Chennai,"May 12, 2011",Twenty20
RR,RCB,RCB,9 wickets,Jaipur,"May 11, 2011",Twenty20
Kings XI,MI,Kings XI,76 runs,Mohali,"May 10, 2011",Twenty20
Chargers,Warriors,Warriors,6 wickets,Hyderabad,"May 10, 2011",Twenty20
RR,CSK,CSK,63 runs,Jaipur,"May 9, 2011",Twenty20
Kings XI,Warriors,Warriors,5 wickets,Mohali,"May 8, 2011",Twenty20
RCB,Kochi,RCB,9 wickets,Bengaluru,"May 8, 2011",Twenty20
MI,Daredevils,MI,32 runs,Wankhede,"May 7, 2011",Twenty20
KKR,CSK,KKR,10 runs,Eden Gardens,"May 7, 2011",Twenty20
RCB,Kings XI,RCB,85 runs,Bengaluru,"May 6, 2011",Twenty20
Chargers,Daredevils,Daredevils,4 wickets,Hyderabad,"May 5, 2011",Twenty20
Kochi,KKR,Kochi,17 runs,Kochi,"May 5, 2011",Twenty20
Warriors,MI,MI,21 runs,DY Patil,"May 4, 2011",Twenty20
CSK,RR,CSK,8 wickets,Chennai,"May 4, 2011",Twenty20
Chargers,KKR,KKR,20 runs,Hyderabad,"May 3, 2011",Twenty20
Daredevils,Kochi,Kochi,7 wickets,Delhi,"May 2, 2011",Twenty20
MI,Kings XI,MI,23 runs,Wankhede,"May 2, 2011",Twenty20
CSK,Chargers,CSK,19 runs,Chennai,"May 1, 2011",Twenty20
RR,Warriors,RR,6 wickets,Jaipur,"May 1, 2011",Twenty20
KKR,Kings XI,KKR,8 wickets,Eden Gardens,"Apr 30, 2011",Twenty20
Kochi,Daredevils,Daredevils,38 runs,Kochi,"Apr 30, 2011",Twenty20
RCB,Warriors,RCB,26 runs,Bengaluru,"Apr 29, 2011",Twenty20
RR,MI,RR,7 wickets,Jaipur,"Apr 29, 2011",Twenty20
Daredevils,KKR,KKR,17 runs,Delhi,"Apr 28, 2011",Twenty20
Kochi,Chargers,Chargers,55 runs,Kochi,"Apr 27, 2011",Twenty20
Warriors,CSK,CSK,8 wickets,DY Patil,"Apr 27, 2011",Twenty20
Daredevils,RCB,RCB,3 wickets,Delhi,"Apr 26, 2011",Twenty20
CSK,Warriors,CSK,25 runs,Chennai,"Apr 25, 2011",Twenty20
RR,Kochi,RR,8 wickets,Jaipur,"Apr 24, 2011",Twenty20
Chargers,MI,MI,37 runs,Hyderabad,"Apr 24, 2011",Twenty20
Daredevils,Kings XI,Daredevils,29 runs,Delhi,"Apr 23, 2011",Twenty20
MI,CSK,MI,8 runs,Wankhede,"Apr 22, 2011",Twenty20
KKR,RCB,RCB,9 wickets,Eden Gardens,"Apr 22, 2011",Twenty20
Kings XI,RR,Kings XI,48 runs,Mohali,"Apr 21, 2011",Twenty20
KKR,Kochi,Kochi,6 runs,Eden Gardens,"Apr 20, 2011",Twenty20
MI,Warriors,MI,7 wickets,Wankhede,"Apr 20, 2011",Twenty20
Daredevils,Chargers,Chargers,16 runs,Delhi,"Apr 19, 2011",Twenty20
Kochi,CSK,Kochi,7 wickets,Kochi,"Apr 18, 2011",Twenty20
KKR,RR,KKR,8 wickets,Eden Gardens,"Apr 17, 2011",Twenty20
Warriors,Daredevils,Daredevils,3 wickets,DY Patil,"Apr 17, 2011",Twenty20
Chargers,Kings XI,Kings XI,8 wickets,Hyderabad,"Apr 16, 2011",Twenty20
CSK,RCB,CSK,21 runs,Chennai,"Apr 16, 2011",Twenty20
MI,Kochi,Kochi,8 wickets,Wankhede,"Apr 15, 2011",Twenty20
RR,KKR,KKR,9 wickets,Jaipur,"Apr 15, 2011",Twenty20
Chargers,RCB,Chargers,33 runs,Hyderabad,"Apr 14, 2011",Twenty20
Warriors,Kochi,Warriors,4 wickets,DY Patil,"Apr 13, 2011",Twenty20
Kings XI,CSK,Kings XI,6 wickets,Mohali,"Apr 13, 2011",Twenty20
RCB,MI,MI,9 wickets,Bengaluru,"Apr 12, 2011",Twenty20
RR,Daredevils,RR,6 wickets,Jaipur,"Apr 12, 2011",Twenty20
KKR,Chargers,KKR,9 runs,Eden Gardens,"Apr 11, 2011",Twenty20
Warriors,Kings XI,Warriors,7 wickets,DY Patil,"Apr 10, 2011",Twenty20
Daredevils,MI,MI,8 wickets,Delhi,"Apr 10, 2011",Twenty20
Kochi,RCB,RCB,6 wickets,Kochi,"Apr 9, 2011",Twenty20
Chargers,RR,RR,8 wickets,Hyderabad,"Apr 9, 2011",Twenty20
CSK,KKR,CSK,2 runs,Chennai,"Apr 8, 2011",Twenty20
Team 1,Team 2,Winner,Margin,Ground,Match Date,Scorecard
CSK,KKR,KKR,5 wickets,Chennai,"May 27, 2012",Twenty20
CSK,Daredevils,CSK,86 runs,Chennai,"May 25, 2012",Twenty20
CSK,MI,CSK,38 runs,Bengaluru,"May 23, 2012",Twenty20
Daredevils,KKR,KKR,18 runs,Pune,"May 22, 2012",Twenty20
RR,MI,MI,10 wickets,Jaipur,"May 20, 2012",Twenty20
Chargers,RCB,Chargers,9 runs,Hyderabad,"May 20, 2012",Twenty20
Warriors,KKR,KKR,34 runs,Pune,"May 19, 2012",Twenty20
Kings XI,Daredevils,Daredevils,6 wickets,Dharamsala,"May 19, 2012",Twenty20
Chargers,RR,Chargers,5 wickets,Hyderabad,"May 18, 2012",Twenty20
Daredevils,RCB,RCB,21 runs,Delhi,"May 17, 2012",Twenty20
Kings XI,CSK,Kings XI,6 wickets,Dharamsala,"May 17, 2012",Twenty20
MI,KKR,KKR,32 runs,Wankhede,"May 16, 2012",Twenty20
Daredevils,Kings XI,Daredevils,5 wickets,Delhi,"May 15, 2012",Twenty20
KKR,CSK,CSK,5 wickets,Eden Gardens,"May 14, 2012",Twenty20
RCB,MI,MI,5 wickets,Bengaluru,"May 14, 2012",Twenty20
Kings XI,Chargers,Kings XI,4 wickets,Mohali,"May 13, 2012",Twenty20
RR,Warriors,RR,45 runs,Jaipur,"May 13, 2012",Twenty20
CSK,Daredevils,CSK,9 wickets,Chennai,"May 12, 2012",Twenty20
KKR,MI,MI,27 runs,Eden Gardens,"May 12, 2012",Twenty20
Warriors,RCB,RCB,35 runs,Pune,"May 11, 2012",Twenty20
RR,CSK,CSK,4 wickets,Jaipur,"May 10, 2012",Twenty20
Chargers,Daredevils,Daredevils,9 wickets,Hyderabad,"May 10, 2012",Twenty20
MI,RCB,RCB,9 wickets,Wankhede,"May 9, 2012",Twenty20
Chargers,Kings XI,Kings XI,25 runs,Hyderabad,"May 8, 2012",Twenty20
Warriors,RR,RR,7 wickets,Pune,"May 8, 2012",Twenty20
Daredevils,KKR,KKR,6 wickets,Delhi,"May 7, 2012",Twenty20
RCB,Chargers,RCB,5 wickets,Bengaluru,"May 6, 2012",Twenty20
MI,CSK,MI,2 wickets,Wankhede,"May 6, 2012",Twenty20
Kings XI,RR,RR,43 runs,Mohali,"May 5, 2012",Twenty20
KKR,Warriors,KKR,7 runs,Eden Gardens,"May 5, 2012",Twenty20
CSK,Chargers,CSK,10 runs,Chennai,"May 4, 2012",Twenty20
Warriors,MI,MI,1 run,Pune,"May 3, 2012",Twenty20
RCB,Kings XI,Kings XI,4 wickets,Bengaluru,"May 2, 2012",Twenty20
RR,Daredevils,Daredevils,6 wickets,Jaipur,"May 1, 2012",Twenty20
Chargers,Warriors,Chargers,13 runs,Cuttack,"May 1, 2012",Twenty20
CSK,KKR,KKR,5 wickets,Chennai,"Apr 30, 2012",Twenty20
MI,Chargers,MI,5 wickets,Wankhede,"Apr 29, 2012",Twenty20
Daredevils,RR,Daredevils,1 run,Delhi,"Apr 29, 2012",Twenty20
KKR,RCB,KKR,47 runs,Eden Gardens,"Apr 28, 2012",Twenty20
CSK,Kings XI,Kings XI,7 runs,Chennai,"Apr 28, 2012",Twenty20
Daredevils,MI,Daredevils,37 runs,Delhi,"Apr 27, 2012",Twenty20
Warriors,Chargers,Chargers,18 runs,Pune,"Apr 26, 2012",Twenty20
RCB,CSK,no result,-,Bengaluru,"Apr 25, 2012",Twenty20
Kings XI,MI,MI,4 wickets,Mohali,"Apr 25, 2012",Twenty20
Warriors,Daredevils,Daredevils,8 wickets,Pune,"Apr 24, 2012",Twenty20
RR,RCB,RCB,46 runs,Jaipur,"Apr 23, 2012",Twenty20
Chargers,KKR,KKR,5 wickets,Cuttack,"Apr 22, 2012",Twenty20
MI,Kings XI,Kings XI,6 wickets,Wankhede,"Apr 22, 2012",Twenty20
Daredevils,Warriors,Warriors,20 runs,Delhi,"Apr 21, 2012",Twenty20
CSK,RR,CSK,7 wickets,Chennai,"Apr 21, 2012",Twenty20
Kings XI,RCB,RCB,5 wickets,Mohali,"Apr 20, 2012",Twenty20
CSK,Warriors,CSK,13 runs,Chennai,"Apr 19, 2012",Twenty20
Daredevils,Chargers,Daredevils,5 wickets,Delhi,"Apr 19, 2012",Twenty20
Kings XI,KKR,KKR,8 wickets,Mohali,"Apr 18, 2012",Twenty20
RCB,Warriors,RCB,6 wickets,Bengaluru,"Apr 17, 2012",Twenty20
RR,Chargers,RR,5 wickets,Jaipur,"Apr 17, 2012",Twenty20
MI,Daredevils,Daredevils,7 wickets,Wankhede,"Apr 16, 2012",Twenty20
RCB,RR,RR,59 runs,Bengaluru,"Apr 15, 2012",Twenty20
KKR,Kings XI,Kings XI,2 runs,Eden Gardens,"Apr 15, 2012",Twenty20
Warriors,CSK,Warriors,7 wickets,Pune,"Apr 14, 2012",Twenty20
KKR,RR,KKR,5 wickets,Eden Gardens,"Apr 13, 2012",Twenty20
Kings XI,Warriors,Kings XI,7 wickets,Mohali,"Apr 12, 2012",Twenty20
CSK,RCB,CSK,5 wickets,Chennai,"Apr 12, 2012",Twenty20
MI,RR,MI,27 runs,Wankhede,"Apr 11, 2012",Twenty20
Daredevils,CSK,Daredevils,8 wickets,Delhi,"Apr 10, 2012",Twenty20
RCB,KKR,KKR,42 runs,Bengaluru,"Apr 10, 2012",Twenty20
Chargers,MI,MI,5 wickets,Visakhapatnam,"Apr 9, 2012",Twenty20
Warriors,Kings XI,Warriors,22 runs,Pune,"Apr 8, 2012",Twenty20
RR,KKR,RR,22 runs,Jaipur,"Apr 8, 2012",Twenty20
Chargers,CSK,CSK,74 runs,Visakhapatnam,"Apr 7, 2012",Twenty20
RCB,Daredevils,RCB,20 runs,Bengaluru,"Apr 7, 2012",Twenty20
RR,Kings XI,RR,31 runs,Jaipur,"Apr 6, 2012",Twenty20
MI,Warriors,Warriors,28 runs,Wankhede,"Apr 6, 2012",Twenty20
KKR,Daredevils,Daredevils,8 wickets,Eden Gardens,"Apr 5, 2012",Twenty20
CSK,MI,MI,8 wickets,Chennai,"Apr 4, 2012",Twenty20
Team 1,Team 2,Winner,Margin,Ground,Match Date,Scorecard
CSK,MI,MI,23 runs,Eden Gardens,"May 26, 2013",Twenty20
MI,RR,MI,4 wickets,Eden Gardens,"May 24, 2013",Twenty20
RR,SRH,RR,4 wickets,Delhi,"May 22, 2013",Twenty20
CSK,MI,CSK,48 runs,Delhi,"May 21, 2013",Twenty20
SRH,KKR,SRH,5 wickets,Hyderabad,"May 19, 2013",Twenty20
Warriors,Daredevils,Warriors,38 runs,Pune,"May 19, 2013",Twenty20
RCB,CSK,RCB,24 runs,Bengaluru,"May 18, 2013",Twenty20
Kings XI,MI,Kings XI,50 runs,Dharamsala,"May 18, 2013",Twenty20
SRH,RR,SRH,23 runs,Hyderabad,"May 17, 2013",Twenty20
Kings XI,Daredevils,Kings XI,7 runs,Dharamsala,"May 16, 2013",Twenty20
MI,RR,MI,14 runs,Wankhede,"May 15, 2013",Twenty20
KKR,Warriors,Warriors,7 runs,Ranchi,"May 15, 2013",Twenty20
CSK,Daredevils,CSK,33 runs,Chennai,"May 14, 2013",Twenty20
RCB,Kings XI,Kings XI,7 wickets,Bengaluru,"May 14, 2013",Twenty20
MI,SRH,MI,7 wickets,Wankhede,"May 13, 2013",Twenty20
RR,CSK,RR,5 wickets,Jaipur,"May 12, 2013",Twenty20
KKR,RCB,KKR,5 wickets,Ranchi,"May 12, 2013",Twenty20
Kings XI,SRH,SRH,30 runs,Mohali,"May 11, 2013",Twenty20
Warriors,MI,MI,5 wickets,Pune,"May 11, 2013",Twenty20
Daredevils,RCB,RCB,4 runs,Delhi,"May 10, 2013",Twenty20
Warriors,KKR,KKR,46 runs,Pune,"May 9, 2013",Twenty20
Kings XI,RR,RR,8 wickets,Mohali,"May 9, 2013",Twenty20
SRH,CSK,CSK,77 runs,Hyderabad,"May 8, 2013",Twenty20
MI,KKR,MI,65 runs,Wankhede,"May 7, 2013",Twenty20
RR,Daredevils,RR,9 wickets,Jaipur,"May 7, 2013",Twenty20
Kings XI,RCB,Kings XI,6 wickets,Mohali,"May 6, 2013",Twenty20
RR,Warriors,RR,5 wickets,Jaipur,"May 5, 2013",Twenty20
MI,CSK,MI,60 runs,Wankhede,"May 5, 2013",Twenty20
SRH,Daredevils,SRH,6 wickets,Hyderabad,"May 4, 2013",Twenty20
KKR,RR,KKR,8 wickets,Eden Gardens,"May 3, 2013",Twenty20
Warriors,RCB,RCB,17 runs,Pune,"May 2, 2013",Twenty20
CSK,Kings XI,CSK,15 runs,Chennai,"May 2, 2013",Twenty20
Daredevils,KKR,Daredevils,7 wickets,Raipur,"May 1, 2013",Twenty20
SRH,MI,SRH,7 wickets,Hyderabad,"May 1, 2013",Twenty20
Warriors,CSK,CSK,37 runs,Pune,"Apr 30, 2013",Twenty20
MI,Kings XI,MI,4 runs,Wankhede,"Apr 29, 2013",Twenty20
RR,RCB,RR,4 wickets,Jaipur,"Apr 29, 2013",Twenty20
Daredevils,Warriors,Daredevils,15 runs,Raipur,"Apr 28, 2013",Twenty20
CSK,KKR,CSK,14 runs,Chennai,"Apr 28, 2013",Twenty20
MI,RCB,MI,58 runs,Wankhede,"Apr 27, 2013",Twenty20
RR,SRH,RR,8 wickets,Jaipur,"Apr 27, 2013",Twenty20
KKR,Kings XI,KKR,6 wickets,Eden Gardens,"Apr 26, 2013",Twenty20
CSK,SRH,CSK,5 wickets,Chennai,"Apr 25, 2013",Twenty20
KKR,MI,MI,5 wickets,Eden Gardens,"Apr 24, 2013",Twenty20
Daredevils,Kings XI,Kings XI,5 wickets,Delhi,"Apr 23, 2013",Twenty20
RCB,Warriors,RCB,130 runs,Bengaluru,"Apr 23, 2013",Twenty20
CSK,RR,CSK,5 wickets,Chennai,"Apr 22, 2013",Twenty20
Kings XI,Warriors,Kings XI,7 wickets,Mohali,"Apr 21, 2013",Twenty20
Daredevils,MI,Daredevils,9 wickets,Delhi,"Apr 21, 2013",Twenty20
RCB,RR,RCB,7 wickets,Bengaluru,"Apr 20, 2013",Twenty20
KKR,CSK,CSK,4 wickets,Eden Gardens,"Apr 20, 2013",Twenty20
SRH,Kings XI,SRH,5 wickets,Hyderabad,"Apr 19, 2013",Twenty20
Daredevils,CSK,CSK,86 runs,Delhi,"Apr 18, 2013",Twenty20
RR,MI,RR,87 runs,Jaipur,"Apr 17, 2013",Twenty20
Warriors,SRH,SRH,11 runs,Pune,"Apr 17, 2013",Twenty20
RCB,Daredevils,tied,-,Bengaluru,"Apr 16, 2013",Twenty20
Kings XI,KKR,Kings XI,4 runs,Mohali,"Apr 16, 2013",Twenty20
CSK,Warriors,Warriors,24 runs,Chennai,"Apr 15, 2013",Twenty20
RR,Kings XI,RR,6 wickets,Jaipur,"Apr 14, 2013",Twenty20
KKR,SRH,KKR,48 runs,Eden Gardens,"Apr 14, 2013",Twenty20
CSK,RCB,CSK,4 wickets,Chennai,"Apr 13, 2013",Twenty20
MI,Warriors,MI,41 runs,Wankhede,"Apr 13, 2013",Twenty20
Daredevils,SRH,SRH,3 wickets,Delhi,"Apr 12, 2013",Twenty20
Warriors,RR,Warriors,7 wickets,Pune,"Apr 11, 2013",Twenty20
RCB,KKR,RCB,8 wickets,Bengaluru,"Apr 11, 2013",Twenty20
Kings XI,CSK,CSK,10 wickets,Mohali,"Apr 10, 2013",Twenty20
MI,Daredevils,MI,44 runs,Wankhede,"Apr 9, 2013",Twenty20
RCB,SRH,RCB,7 wickets,Bengaluru,"Apr 9, 2013",Twenty20
RR,KKR,RR,19 runs,Jaipur,"Apr 8, 2013",Twenty20
SRH,RCB,tied,-,Hyderabad,"Apr 7, 2013",Twenty20
Warriors,Kings XI,Kings XI,8 wickets,Pune,"Apr 7, 2013",Twenty20
CSK,MI,MI,9 runs,Chennai,"Apr 6, 2013",Twenty20
Daredevils,RR,RR,5 runs,Delhi,"Apr 6, 2013",Twenty20
SRH,Warriors,SRH,22 runs,Hyderabad,"Apr 5, 2013",Twenty20
RCB,MI,RCB,2 runs,Bengaluru,"Apr 4, 2013",Twenty20
KKR,Daredevils,KKR,6 wickets,Eden Gardens,"Apr 3, 2013",Twenty20
Team 1,Team 2,Winner,Margin,Ground,Match Date,Scorecard
Kings XI,KKR,KKR,3 wickets,Bengaluru,"Jun 1, 2014",Twenty20
CSK,Kings XI,Kings XI,24 runs,Wankhede,"May 30, 2014",Twenty20
MI,CSK,CSK,7 wickets,Brabourne,"May 28, 2014",Twenty20
KKR,Kings XI,KKR,28 runs,Eden Gardens,"May 27-28, 2014",Twenty20
MI,RR,MI,5 wickets,Wankhede,"May 25, 2014",Twenty20
Kings XI,Daredevils,Kings XI,7 wickets,Mohali,"May 25, 2014",Twenty20
KKR,SRH,KKR,4 wickets,Eden Gardens,"May 24, 2014",Twenty20
RCB,CSK,CSK,8 wickets,Bengaluru,"May 24, 2014",Twenty20
Kings XI,RR,Kings XI,16 runs,Mohali,"May 23, 2014",Twenty20
MI,Daredevils,MI,15 runs,Wankhede,"May 23, 2014",Twenty20
CSK,SRH,SRH,6 wickets,Ranchi,"May 22, 2014",Twenty20
KKR,RCB,KKR,30 runs,Eden Gardens,"May 22, 2014",Twenty20
Kings XI,MI,MI,7 wickets,Mohali,"May 21, 2014",Twenty20
KKR,CSK,KKR,8 wickets,Eden Gardens,"May 20, 2014",Twenty20
SRH,RCB,SRH,7 wickets,Hyderabad,"May 20, 2014",Twenty20
Daredevils,Kings XI,Kings XI,4 wickets,Delhi,"May 19, 2014",Twenty20
RR,MI,MI,25 runs,Ahmedabad,"May 19, 2014",Twenty20
SRH,KKR,KKR,7 wickets,Hyderabad,"May 18, 2014",Twenty20
CSK,RCB,RCB,5 wickets,Ranchi,"May 18, 2014",Twenty20
RR,Daredevils,RR,62 runs,Ahmedabad,"May 15, 2014",Twenty20
KKR,MI,KKR,6 wickets,Cuttack,"May 14, 2014",Twenty20
SRH,Kings XI,Kings XI,6 wickets,Hyderabad,"May 14, 2014",Twenty20
RCB,Daredevils,RCB,16 runs,Bengaluru,"May 13, 2014",Twenty20
CSK,RR,CSK,5 wickets,Ranchi,"May 13, 2014",Twenty20
SRH,MI,MI,7 wickets,Hyderabad,"May 12, 2014",Twenty20
RCB,RR,RR,5 wickets,Bengaluru,"May 11, 2014",Twenty20
Kings XI,KKR,KKR,9 wickets,Cuttack,"May 11, 2014",Twenty20
MI,CSK,CSK,4 wickets,Wankhede,"May 10, 2014",Twenty20
Daredevils,SRH,SRH,8 wickets,Delhi,"May 10, 2014",Twenty20
RCB,Kings XI,Kings XI,32 runs,Bengaluru,"May 9, 2014",Twenty20
RR,SRH,SRH,32 runs,Ahmedabad,"May 8, 2014",Twenty20
Kings XI,CSK,Kings XI,44 runs,Cuttack,"May 7, 2014",Twenty20
Daredevils,KKR,KKR,8 wickets,Delhi,"May 7, 2014",Twenty20
MI,RCB,MI,19 runs,Wankhede,"May 6, 2014",Twenty20
Daredevils,CSK,CSK,8 wickets,Delhi,"May 5, 2014",Twenty20
RR,KKR,RR,10 runs,Ahmedabad,"May 5, 2014",Twenty20
RCB,SRH,RCB,4 wickets,Bengaluru,"May 4, 2014",Twenty20
Daredevils,RR,RR,7 wickets,Delhi,"May 3, 2014",Twenty20
MI,Kings XI,MI,5 wickets,Wankhede,"May 3, 2014",Twenty20
CSK,KKR,CSK,34 runs,Ranchi,"May 2, 2014",Twenty20
MI,SRH,SRH,15 runs,Dubai (DICS),"Apr 30, 2014",Twenty20
KKR,RR,tied,-,Abu Dhabi,"Apr 29, 2014",Twenty20
Kings XI,RCB,Kings XI,5 wickets,Dubai (DICS),"Apr 28, 2014",Twenty20
SRH,CSK,CSK,5 wickets,Sharjah,"Apr 27, 2014",Twenty20
Daredevils,MI,Daredevils,6 wickets,Sharjah,"Apr 27, 2014",Twenty20
KKR,Kings XI,Kings XI,23 runs,Abu Dhabi,"Apr 26, 2014",Twenty20
RR,RCB,RR,6 wickets,Abu Dhabi,"Apr 26, 2014",Twenty20
CSK,MI,CSK,7 wickets,Dubai (DICS),"Apr 25, 2014",Twenty20
SRH,Daredevils,SRH,4 runs,Dubai (DICS),"Apr 25, 2014",Twenty20
RCB,KKR,KKR,2 runs,Sharjah,"Apr 24, 2014",Twenty20
RR,CSK,CSK,7 runs,Dubai (DICS),"Apr 23, 2014",Twenty20
Kings XI,SRH,Kings XI,72 runs,Sharjah,"Apr 22, 2014",Twenty20
CSK,Daredevils,CSK,93 runs,Abu Dhabi,"Apr 21, 2014",Twenty20
RR,Kings XI,Kings XI,7 wickets,Sharjah,"Apr 20, 2014",Twenty20
KKR,Daredevils,Daredevils,4 wickets,Dubai (DICS),"Apr 19, 2014",Twenty20
RCB,MI,RCB,7 wickets,Dubai (DICS),"Apr 19, 2014",Twenty20
SRH,RR,RR,4 wickets,Abu Dhabi,"Apr 18, 2014",Twenty20
CSK,Kings XI,Kings XI,6 wickets,Abu Dhabi,"Apr 18, 2014",Twenty20
Daredevils,RCB,RCB,8 wickets,Sharjah,"Apr 17, 2014",Twenty20
MI,KKR,KKR,41 runs,Abu Dhabi,"Apr 16, 2014",Twenty20
Team 1,Team 2,Winner,Margin,Ground,Match Date,Scorecard
CSK,MI,MI,41 runs,Eden Gardens,"May 24, 2015",Twenty20
CSK,RCB,CSK,3 wickets,Ranchi,"May 22, 2015",Twenty20
RR,RCB,RCB,71 runs,Pune,"May 20, 2015",Twenty20
CSK,MI,MI,25 runs,Wankhede,"May 19, 2015",Twenty20
SRH,MI,MI,9 wickets,Hyderabad,"May 17, 2015",Twenty20
RCB,Daredevils,no result,-,Bengaluru,"May 17, 2015",Twenty20
RR,KKR,RR,9 runs,Brabourne,"May 16, 2015",Twenty20
Kings XI,CSK,CSK,7 wickets,Mohali,"May 16, 2015",Twenty20
SRH,RCB,RCB,6 wickets,Hyderabad,"May 15, 2015",Twenty20
MI,KKR,MI,5 runs,Wankhede,"May 14, 2015",Twenty20
Kings XI,RCB,Kings XI,22 runs,Mohali,"May 13, 2015",Twenty20
Daredevils,CSK,Daredevils,6 wickets,Raipur,"May 12, 2015",Twenty20
SRH,Kings XI,SRH,5 runs,Hyderabad,"May 11, 2015",Twenty20
CSK,RR,CSK,12 runs,Chennai,"May 10, 2015",Twenty20
MI,RCB,RCB,39 runs,Wankhede,"May 10, 2015",Twenty20
Daredevils,SRH,SRH,6 runs,Raipur,"May 9, 2015",Twenty20
KKR,Kings XI,KKR,1 wicket,Eden Gardens,"May 9, 2015",Twenty20
CSK,MI,MI,6 wickets,Chennai,"May 8, 2015",Twenty20
KKR,Daredevils,KKR,13 runs,Eden Gardens,"May 7, 2015",Twenty20
RR,SRH,SRH,7 runs,Brabourne,"May 7, 2015",Twenty20
RCB,Kings XI,RCB,138 runs,Bengaluru,"May 6, 2015",Twenty20
MI,Daredevils,MI,5 wickets,Wankhede,"May 5, 2015",Twenty20
KKR,SRH,KKR,35 runs,Eden Gardens,"May 4, 2015",Twenty20
CSK,RCB,CSK,24 runs,Chennai,"May 4, 2015",Twenty20
RR,Daredevils,RR,14 runs,Brabourne,"May 3, 2015",Twenty20
Kings XI,MI,MI,23 runs,Mohali,"May 3, 2015",Twenty20
SRH,CSK,SRH,22 runs,Hyderabad,"May 2, 2015",Twenty20
RCB,KKR,RCB,7 wickets,Bengaluru,"May 2, 2015",Twenty20
MI,RR,MI,8 runs,Wankhede,"May 1, 2015",Twenty20
Daredevils,Kings XI,Daredevils,9 wickets,Delhi,"May 1, 2015",Twenty20
KKR,CSK,KKR,7 wickets,Eden Gardens,"Apr 30, 2015",Twenty20
RCB,RR,no result,-,Bengaluru,"Apr 29, 2015",Twenty20
CSK,KKR,CSK,2 runs,Chennai,"Apr 28, 2015",Twenty20
Kings XI,SRH,SRH,20 runs,Mohali,"Apr 27, 2015",Twenty20
Daredevils,RCB,RCB,10 wickets,Delhi,"Apr 26, 2015",Twenty20
CSK,Kings XI,CSK,97 runs,Chennai,"Apr 25, 2015",Twenty20
MI,SRH,MI,20 runs,Wankhede,"Apr 25, 2015",Twenty20
RR,RCB,RCB,9 wickets,Ahmedabad,"Apr 24, 2015",Twenty20
Daredevils,MI,Daredevils,37 runs,Delhi,"Apr 23, 2015",Twenty20
RCB,CSK,CSK,27 runs,Bengaluru,"Apr 22, 2015",Twenty20
SRH,KKR,SRH,16 runs,Visakhapatnam,"Apr 22, 2015",Twenty20
RR,Kings XI,tied,-,Ahmedabad,"Apr 21, 2015",Twenty20
Daredevils,KKR,KKR,6 wickets,Delhi,"Apr 20, 2015",Twenty20
RCB,MI,MI,18 runs,Bengaluru,"Apr 19, 2015",Twenty20
RR,CSK,RR,8 wickets,Ahmedabad,"Apr 19, 2015",Twenty20
Kings XI,KKR,KKR,4 wickets,Pune,"Apr 18, 2015",Twenty20
SRH,Daredevils,Daredevils,4 runs,Visakhapatnam,"Apr 18, 2015",Twenty20
MI,CSK,CSK,6 wickets,Wankhede,"Apr 17, 2015",Twenty20
SRH,RR,RR,6 wickets,Visakhapatnam,"Apr 16, 2015",Twenty20
Kings XI,Daredevils,Daredevils,5 wickets,Pune,"Apr 15, 2015",Twenty20
RR,MI,RR,7 wickets,Ahmedabad,"Apr 14, 2015",Twenty20
RCB,SRH,SRH,8 wickets,Bengaluru,"Apr 13, 2015",Twenty20
MI,Kings XI,Kings XI,18 runs,Wankhede,"Apr 12, 2015",Twenty20
Daredevils,RR,RR,3 wickets,Delhi,"Apr 12, 2015",Twenty20
KKR,RCB,RCB,3 wickets,Eden Gardens,"Apr 11, 2015",Twenty20
CSK,SRH,CSK,45 runs,Chennai,"Apr 11, 2015",Twenty20
Kings XI,RR,RR,26 runs,Pune,"Apr 10, 2015",Twenty20
CSK,Daredevils,CSK,1 run,Chennai,"Apr 9, 2015",Twenty20
KKR,MI,KKR,7 wickets,Eden Gardens,"Apr 8, 2015",Twenty20
Team 1,Team 2,Winner,Margin,Ground,Match Date,Scorecard
RCB,SRH,SRH,8 runs,Bengaluru,"May 29, 2016",Twenty20
Guj Lions,SRH,SRH,4 wickets,Delhi,"May 27, 2016",Twenty20
KKR,SRH,SRH,22 runs,Delhi,"May 25, 2016",Twenty20
RCB,Guj Lions,RCB,4 wickets,Bengaluru,"May 24, 2016",Twenty20
Daredevils,RCB,RCB,6 wickets,Raipur,"May 22, 2016",Twenty20
KKR,SRH,KKR,22 runs,Eden Gardens,"May 22, 2016",Twenty20
Guj Lions,MI,Guj Lions,6 wickets,Kanpur,"May 21, 2016",Twenty20
Supergiants,Kings XI,Supergiants,4 wickets,Visakhapatnam,"May 21, 2016",Twenty20
Daredevils,SRH,Daredevils,6 wickets,Raipur,"May 20, 2016",Twenty20
Guj Lions,KKR,Guj Lions,6 wickets,Kanpur,"May 19, 2016",Twenty20
RCB,Kings XI,RCB,82 runs,Bengaluru,"May 18, 2016",Twenty20
Supergiants,Daredevils,Supergiants,19 runs,Visakhapatnam,"May 17, 2016",Twenty20
KKR,RCB,RCB,9 wickets,Eden Gardens,"May 16, 2016",Twenty20
MI,Daredevils,MI,80 runs,Visakhapatnam,"May 15, 2016",Twenty20
Kings XI,SRH,SRH,7 wickets,Mohali,"May 15, 2016",Twenty20
KKR,Supergiants,KKR,8 wickets,Eden Gardens,"May 14, 2016",Twenty20
RCB,Guj Lions,RCB,144 runs,Bengaluru,"May 14, 2016",Twenty20
MI,Kings XI,Kings XI,7 wickets,Visakhapatnam,"May 13, 2016",Twenty20
SRH,Daredevils,Daredevils,7 wickets,Hyderabad,"May 12, 2016",Twenty20
RCB,MI,MI,6 wickets,Bengaluru,"May 11, 2016",Twenty20
Supergiants,SRH,SRH,4 runs,Visakhapatnam,"May 10, 2016",Twenty20
Kings XI,RCB,RCB,1 run,Mohali,"May 9, 2016",Twenty20
KKR,Guj Lions,Guj Lions,5 wickets,Eden Gardens,"May 8, 2016",Twenty20
MI,SRH,SRH,85 runs,Visakhapatnam,"May 8, 2016",Twenty20
Kings XI,Daredevils,Kings XI,9 runs,Mohali,"May 7, 2016",Twenty20
RCB,Supergiants,RCB,7 wickets,Bengaluru,"May 7, 2016",Twenty20
SRH,Guj Lions,SRH,5 wickets,Hyderabad,"May 6, 2016",Twenty20
Daredevils,Supergiants,Supergiants,7 wickets,Delhi,"May 5, 2016",Twenty20
KKR,Kings XI,KKR,7 runs,Eden Gardens,"May 4, 2016",Twenty20
Guj Lions,Daredevils,Daredevils,8 wickets,Rajkot,"May 3, 2016",Twenty20
RCB,KKR,KKR,5 wickets,Bengaluru,"May 2, 2016",Twenty20
Supergiants,MI,MI,8 wickets,Pune,"May 1, 2016",Twenty20
Guj Lions,Kings XI,Kings XI,23 runs,Rajkot,"May 1, 2016",Twenty20
SRH,RCB,SRH,15 runs,Hyderabad,"Apr 30, 2016",Twenty20
Daredevils,KKR,Daredevils,27 runs,Delhi,"Apr 30, 2016",Twenty20
Supergiants,Guj Lions,Guj Lions,3 wickets,Pune,"Apr 29, 2016",Twenty20
MI,KKR,MI,6 wickets,Wankhede,"Apr 28, 2016",Twenty20
Daredevils,Guj Lions,Guj Lions,1 run,Delhi,"Apr 27, 2016",Twenty20
SRH,Supergiants,Supergiants,34 runs,Hyderabad,"Apr 26, 2016",Twenty20
Kings XI,MI,MI,25 runs,Mohali,"Apr 25, 2016",Twenty20
Supergiants,KKR,KKR,2 wickets,Pune,"Apr 24, 2016",Twenty20
Guj Lions,RCB,Guj Lions,6 wickets,Rajkot,"Apr 24, 2016",Twenty20
SRH,Kings XI,SRH,5 wickets,Hyderabad,"Apr 23, 2016",Twenty20
Daredevils,MI,Daredevils,10 runs,Delhi,"Apr 23, 2016",Twenty20
Supergiants,RCB,RCB,13 runs,Pune,"Apr 22, 2016",Twenty20
Guj Lions,SRH,SRH,10 wickets,Rajkot,"Apr 21, 2016",Twenty20
MI,RCB,MI,6 wickets,Wankhede,"Apr 20, 2016",Twenty20
Kings XI,KKR,KKR,6 wickets,Mohali,"Apr 19, 2016",Twenty20
SRH,MI,SRH,7 wickets,Hyderabad,"Apr 18, 2016",Twenty20
RCB,Daredevils,Daredevils,7 wickets,Bengaluru,"Apr 17, 2016",Twenty20
Kings XI,Supergiants,Kings XI,6 wickets,Mohali,"Apr 17, 2016",Twenty20
MI,Guj Lions,Guj Lions,3 wickets,Wankhede,"Apr 16, 2016",Twenty20
SRH,KKR,KKR,8 wickets,Hyderabad,"Apr 16, 2016",Twenty20
Daredevils,Kings XI,Daredevils,8 wickets,Delhi,"Apr 15, 2016",Twenty20
Guj Lions,Supergiants,Guj Lions,7 wickets,Rajkot,"Apr 14, 2016",Twenty20
KKR,MI,MI,6 wickets,Eden Gardens,"Apr 13, 2016",Twenty20
RCB,SRH,RCB,45 runs,Bengaluru,"Apr 12, 2016",Twenty20
Kings XI,Guj Lions,Guj Lions,5 wickets,Mohali,"Apr 11, 2016",Twenty20
KKR,Daredevils,KKR,9 wickets,Eden Gardens,"Apr 10, 2016",Twenty20
MI,Supergiants,Supergiants,9 wickets,Wankhede,"Apr 9, 2016",Twenty20
Team 1,Team 2,Winner,Margin,Ground,Match Date,Scorecard
MI,Supergiant,MI,1 run,Hyderabad,"May 21, 2017",Twenty20
KKR,MI,MI,6 wickets,Bengaluru,"May 19, 2017",Twenty20
KKR,SRH,KKR,7 wickets,Bengaluru,"May 17, 2017",Twenty20
MI,Supergiant,Supergiant,20 runs,Wankhede,"May 16, 2017",Twenty20
Daredevils,RCB,RCB,10 runs,Delhi,"May 14, 2017",Twenty20
Supergiant,Kings XI,Supergiant,9 wickets,Pune,"May 14, 2017",Twenty20
KKR,MI,MI,9 runs,Eden Gardens,"May 13, 2017",Twenty20
Guj Lions,SRH,SRH,8 wickets,Kanpur,"May 13, 2017",Twenty20
Daredevils,Supergiant,Daredevils,7 runs,Delhi,"May 12, 2017",Twenty20
MI,Kings XI,Kings XI,7 runs,Wankhede,"May 11, 2017",Twenty20
Guj Lions,Daredevils,Daredevils,2 wickets,Kanpur,"May 10, 2017",Twenty20
Kings XI,KKR,Kings XI,14 runs,Mohali,"May 9, 2017",Twenty20
SRH,MI,SRH,7 wickets,Hyderabad,"May 8, 2017",Twenty20
Kings XI,Guj Lions,Guj Lions,6 wickets,Mohali,"May 7, 2017",Twenty20
RCB,KKR,KKR,6 wickets,Bengaluru,"May 7, 2017",Twenty20
Daredevils,MI,MI,146 runs,Delhi,"May 6, 2017",Twenty20
SRH,Supergiant,Supergiant,12 runs,Hyderabad,"May 6, 2017",Twenty20
RCB,Kings XI,Kings XI,19 runs,Bengaluru,"May 5, 2017",Twenty20
Daredevils,Guj Lions,Daredevils,7 wickets,Delhi,"May 4, 2017",Twenty20
KKR,Supergiant,Supergiant,4 wickets,Eden Gardens,"May 3, 2017",Twenty20
Daredevils,SRH,Daredevils,6 wickets,Delhi,"May 2, 2017",Twenty20
Supergiant,Guj Lions,Supergiant,5 wickets,Pune,"May 1, 2017",Twenty20
MI,RCB,MI,5 wickets,Wankhede,"May 1, 2017",Twenty20
SRH,KKR,SRH,48 runs,Hyderabad,"Apr 30, 2017",Twenty20
Kings XI,Daredevils,Kings XI,10 wickets,Mohali,"Apr 30, 2017",Twenty20
Guj Lions,MI,tied,-,Rajkot,"Apr 29, 2017",Twenty20
Supergiant,RCB,Supergiant,61 runs,Pune,"Apr 29, 2017",Twenty20
Kings XI,SRH,SRH,26 runs,Mohali,"Apr 28, 2017",Twenty20
KKR,Daredevils,KKR,7 wickets,Eden Gardens,"Apr 28, 2017",Twenty20
RCB,Guj Lions,Guj Lions,7 wickets,Bengaluru,"Apr 27, 2017",Twenty20
Supergiant,KKR,KKR,7 wickets,Pune,"Apr 26, 2017",Twenty20
MI,Supergiant,Supergiant,3 runs,Wankhede,"Apr 24, 2017",Twenty20
KKR,RCB,KKR,82 runs,Eden Gardens,"Apr 23, 2017",Twenty20
Guj Lions,Kings XI,Kings XI,26 runs,Rajkot,"Apr 23, 2017",Twenty20
MI,Daredevils,MI,14 runs,Wankhede,"Apr 22, 2017",Twenty20
Supergiant,SRH,Supergiant,6 wickets,Pune,"Apr 22, 2017",Twenty20
KKR,Guj Lions,Guj Lions,4 wickets,Eden Gardens,"Apr 21, 2017",Twenty20
Kings XI,MI,MI,8 wickets,Indore,"Apr 20, 2017",Twenty20
SRH,Daredevils,SRH,15 runs,Hyderabad,"Apr 19, 2017",Twenty20
Guj Lions,RCB,RCB,21 runs,Rajkot,"Apr 18, 2017",Twenty20
SRH,Kings XI,SRH,5 runs,Hyderabad,"Apr 17, 2017",Twenty20
Daredevils,KKR,KKR,4 wickets,Delhi,"Apr 17, 2017",Twenty20
RCB,Supergiant,Supergiant,27 runs,Bengaluru,"Apr 16, 2017",Twenty20
MI,Guj Lions,MI,6 wickets,Wankhede,"Apr 16, 2017",Twenty20
Daredevils,Kings XI,Daredevils,51 runs,Delhi,"Apr 15, 2017",Twenty20
KKR,SRH,KKR,17 runs,Eden Gardens,"Apr 15, 2017",Twenty20
Guj Lions,Supergiant,Guj Lions,7 wickets,Rajkot,"Apr 14, 2017",Twenty20
RCB,MI,MI,4 wickets,Bengaluru,"Apr 14, 2017",Twenty20
KKR,Kings XI,KKR,8 wickets,Eden Gardens,"Apr 13, 2017",Twenty20
MI,SRH,MI,4 wickets,Wankhede,"Apr 12, 2017",Twenty20
Supergiant,Daredevils,Daredevils,97 runs,Pune,"Apr 11, 2017",Twenty20
Kings XI,RCB,Kings XI,8 wickets,Indore,"Apr 10, 2017",Twenty20
MI,KKR,MI,4 wickets,Wankhede,"Apr 9, 2017",Twenty20
SRH,Guj Lions,SRH,9 wickets,Hyderabad,"Apr 9, 2017",Twenty20
RCB,Daredevils,RCB,15 runs,Bengaluru,"Apr 8, 2017",Twenty20
Kings XI,Supergiant,Kings XI,6 wickets,Indore,"Apr 8, 2017",Twenty20
Guj Lions,KKR,KKR,10 wickets,Rajkot,"Apr 7, 2017",Twenty20
Supergiant,MI,Supergiant,7 wickets,Pune,"Apr 6, 2017",Twenty20
SRH,RCB,SRH,35 runs,Hyderabad,"Apr 5, 2017",Twenty20
Team 1,Team 2,Winner,Margin,Ground,Match Date,Scorecard
CSK,SRH,CSK,8 wickets,Wankhede,"May 27, 2018",Twenty20
KKR,SRH,SRH,14 runs,Eden Gardens,"May 25, 2018",Twenty20
KKR,RR,KKR,25 runs,Eden Gardens,"May 23, 2018",Twenty20
CSK,SRH,CSK,2 wickets,Wankhede,"May 22, 2018",Twenty20
CSK,Kings XI,CSK,5 wickets,Pune,"May 20, 2018",Twenty20
Daredevils,MI,Daredevils,11 runs,Delhi,"May 20, 2018",Twenty20
SRH,KKR,KKR,5 wickets,Hyderabad,"May 19, 2018",Twenty20
RR,RCB,RR,30 runs,Jaipur,"May 19, 2018",Twenty20
Daredevils,CSK,Daredevils,34 runs,Delhi,"May 18, 2018",Twenty20
RCB,SRH,RCB,14 runs,Bengaluru,"May 17, 2018",Twenty20
MI,Kings XI,MI,3 runs,Wankhede,"May 16, 2018",Twenty20
KKR,RR,KKR,6 wickets,Eden Gardens,"May 15, 2018",Twenty20
Kings XI,RCB,RCB,10 wickets,Indore,"May 14, 2018",Twenty20
MI,RR,RR,7 wickets,Wankhede,"May 13, 2018",Twenty20
CSK,SRH,CSK,8 wickets,Pune,"May 13, 2018",Twenty20
Daredevils,RCB,RCB,5 wickets,Delhi,"May 12, 2018",Twenty20
Kings XI,KKR,KKR,31 runs,Indore,"May 12, 2018",Twenty20
RR,CSK,RR,4 wickets,Jaipur,"May 11, 2018",Twenty20
Daredevils,SRH,SRH,9 wickets,Delhi,"May 10, 2018",Twenty20
KKR,MI,MI,102 runs,Eden Gardens,"May 9, 2018",Twenty20
RR,Kings XI,RR,15 runs,Jaipur,"May 8, 2018",Twenty20
SRH,RCB,SRH,5 runs,Hyderabad,"May 7, 2018",Twenty20
Kings XI,RR,Kings XI,6 wickets,Indore,"May 6, 2018",Twenty20
MI,KKR,MI,13 runs,Wankhede,"May 6, 2018",Twenty20
SRH,Daredevils,SRH,7 wickets,Hyderabad,"May 5, 2018",Twenty20
CSK,RCB,CSK,6 wickets,Pune,"May 5, 2018",Twenty20
Kings XI,MI,MI,6 wickets,Indore,"May 4, 2018",Twenty20
KKR,CSK,KKR,6 wickets,Eden Gardens,"May 3, 2018",Twenty20
Daredevils,RR,Daredevils,4 runs,Delhi,"May 2, 2018",Twenty20
RCB,MI,RCB,14 runs,Bengaluru,"May 1, 2018",Twenty20
CSK,Daredevils,CSK,13 runs,Pune,"Apr 30, 2018",Twenty20
RCB,KKR,KKR,6 wickets,Bengaluru,"Apr 29, 2018",Twenty20
RR,SRH,SRH,11 runs,Jaipur,"Apr 29, 2018",Twenty20
CSK,MI,MI,8 wickets,Pune,"Apr 28, 2018",Twenty20
Daredevils,KKR,Daredevils,55 runs,Delhi,"Apr 27, 2018",Twenty20
SRH,Kings XI,SRH,13 runs,Hyderabad,"Apr 26, 2018",Twenty20
RCB,CSK,CSK,5 wickets,Bengaluru,"Apr 25, 2018",Twenty20
MI,SRH,SRH,31 runs,Wankhede,"Apr 24, 2018",Twenty20
Daredevils,Kings XI,Kings XI,4 runs,Delhi,"Apr 23, 2018",Twenty20
RR,MI,RR,3 wickets,Jaipur,"Apr 22, 2018",Twenty20
SRH,CSK,CSK,4 runs,Hyderabad,"Apr 22, 2018",Twenty20
RCB,Daredevils,RCB,6 wickets,Bengaluru,"Apr 21, 2018",Twenty20
KKR,Kings XI,Kings XI,9 wickets,Eden Gardens,"Apr 21, 2018",Twenty20
CSK,RR,CSK,64 runs,Pune,"Apr 20, 2018",Twenty20
Kings XI,SRH,Kings XI,15 runs,Mohali,"Apr 19, 2018",Twenty20
RR,KKR,KKR,7 wickets,Jaipur,"Apr 18, 2018",Twenty20
MI,RCB,MI,46 runs,Wankhede,"Apr 17, 2018",Twenty20
KKR,Daredevils,KKR,71 runs,Eden Gardens,"Apr 16, 2018",Twenty20
Kings XI,CSK,Kings XI,4 runs,Mohali,"Apr 15, 2018",Twenty20
RCB,RR,RR,19 runs,Bengaluru,"Apr 15, 2018",Twenty20
KKR,SRH,SRH,5 wickets,Eden Gardens,"Apr 14, 2018",Twenty20
MI,Daredevils,Daredevils,7 wickets,Wankhede,"Apr 14, 2018",Twenty20
RCB,Kings XI,RCB,4 wickets,Bengaluru,"Apr 13, 2018",Twenty20
SRH,MI,SRH,1 wicket,Hyderabad,"Apr 12, 2018",Twenty20
RR,Daredevils,RR,10 runs,Jaipur,"Apr 11, 2018",Twenty20
CSK,KKR,CSK,5 wickets,Chennai,"Apr 10, 2018",Twenty20
SRH,RR,SRH,9 wickets,Hyderabad,"Apr 9, 2018",Twenty20
KKR,RCB,KKR,4 wickets,Eden Gardens,"Apr 8, 2018",Twenty20
Kings XI,Daredevils,Kings XI,6 wickets,Mohali,"Apr 8, 2018",Twenty20
MI,CSK,CSK,1 wicket,Wankhede,"Apr 7, 2018",Twenty20
Team 1,Team 2,Winner,Margin,Ground,Match Date,Scorecard
CSK,MI,MI,1 run,Hyderabad,"May 12, 2019",Twenty20
CSK,DC,CSK,6 wickets,Visakhapatnam,"May 10, 2019",Twenty20
SRH,DC,DC,2 wickets,Visakhapatnam,"May 8, 2019",Twenty20
CSK,MI,MI,6 wickets,Chennai,"May 7, 2019",Twenty20
MI,KKR,MI,9 wickets,Wankhede,"May 5, 2019",Twenty20
Kings XI,CSK,Kings XI,6 wickets,Mohali,"May 5, 2019",Twenty20
RCB,SRH,RCB,4 wickets,Bengaluru,"May 4, 2019",Twenty20
DC,RR,DC,5 wickets,Delhi,"May 4, 2019",Twenty20
Kings XI,KKR,KKR,7 wickets,Mohali,"May 3, 2019",Twenty20
MI,SRH,tied,-,Wankhede,"May 2, 2019",Twenty20
CSK,DC,CSK,80 runs,Chennai,"May 1, 2019",Twenty20
RCB,RR,no result,-,Bengaluru,"Apr 30, 2019",Twenty20
SRH,Kings XI,SRH,45 runs,Hyderabad,"Apr 29, 2019",Twenty20
KKR,MI,KKR,34 runs,Eden Gardens,"Apr 28, 2019",Twenty20
DC,RCB,DC,16 runs,Delhi,"Apr 28, 2019",Twenty20
RR,SRH,RR,7 wickets,Jaipur,"Apr 27, 2019",Twenty20
CSK,MI,MI,46 runs,Chennai,"Apr 26, 2019",Twenty20
KKR,RR,RR,3 wickets,Eden Gardens,"Apr 25, 2019",Twenty20
RCB,Kings XI,RCB,17 runs,Bengaluru,"Apr 24, 2019",Twenty20
CSK,SRH,CSK,6 wickets,Chennai,"Apr 23, 2019",Twenty20
RR,DC,DC,6 wickets,Jaipur,"Apr 22, 2019",Twenty20
RCB,CSK,RCB,1 run,Bengaluru,"Apr 21, 2019",Twenty20
SRH,KKR,SRH,9 wickets,Hyderabad,"Apr 21, 2019",Twenty20
DC,Kings XI,DC,5 wickets,Delhi,"Apr 20, 2019",Twenty20
RR,MI,RR,5 wickets,Jaipur,"Apr 20, 2019",Twenty20
KKR,RCB,RCB,10 runs,Eden Gardens,"Apr 19, 2019",Twenty20
DC,MI,MI,40 runs,Delhi,"Apr 18, 2019",Twenty20
SRH,CSK,SRH,6 wickets,Hyderabad,"Apr 17, 2019",Twenty20
Kings XI,RR,Kings XI,12 runs,Mohali,"Apr 16, 2019",Twenty20
MI,RCB,MI,5 wickets,Wankhede,"Apr 15, 2019",Twenty20
SRH,DC,DC,39 runs,Hyderabad,"Apr 14, 2019",Twenty20
KKR,CSK,CSK,5 wickets,Eden Gardens,"Apr 14, 2019",Twenty20
Kings XI,RCB,RCB,8 wickets,Mohali,"Apr 13, 2019",Twenty20
MI,RR,RR,4 wickets,Wankhede,"Apr 13, 2019",Twenty20
KKR,DC,DC,7 wickets,Eden Gardens,"Apr 12, 2019",Twenty20
RR,CSK,CSK,4 wickets,Jaipur,"Apr 11, 2019",Twenty20
MI,Kings XI,MI,3 wickets,Wankhede,"Apr 10, 2019",Twenty20
CSK,KKR,CSK,7 wickets,Chennai,"Apr 9, 2019",Twenty20
Kings XI,SRH,Kings XI,6 wickets,Mohali,"Apr 8, 2019",Twenty20
RR,KKR,KKR,8 wickets,Jaipur,"Apr 7, 2019",Twenty20
RCB,DC,DC,4 wickets,Bengaluru,"Apr 7, 2019",Twenty20
SRH,MI,MI,40 runs,Hyderabad,"Apr 6, 2019",Twenty20
CSK,Kings XI,CSK,22 runs,Chennai,"Apr 6, 2019",Twenty20
RCB,KKR,KKR,5 wickets,Bengaluru,"Apr 5, 2019",Twenty20
DC,SRH,SRH,5 wickets,Delhi,"Apr 4, 2019",Twenty20
MI,CSK,MI,37 runs,Wankhede,"Apr 3, 2019",Twenty20
RR,RCB,RR,7 wickets,Jaipur,"Apr 2, 2019",Twenty20
Kings XI,DC,Kings XI,14 runs,Mohali,"Apr 1, 2019",Twenty20
CSK,RR,CSK,8 runs,Chennai,"Mar 31, 2019",Twenty20
SRH,RCB,SRH,118 runs,Hyderabad,"Mar 31, 2019",Twenty20
DC,KKR,tied,-,Delhi,"Mar 30, 2019",Twenty20
Kings XI,MI,Kings XI,8 wickets,Mohali,"Mar 30, 2019",Twenty20
SRH,RR,SRH,5 wickets,Hyderabad,"Mar 29, 2019",Twenty20
RCB,MI,MI,6 runs,Bengaluru,"Mar 28, 2019",Twenty20
KKR,Kings XI,KKR,28 runs,Eden Gardens,"Mar 27, 2019",Twenty20
DC,CSK,CSK,6 wickets,Delhi,"Mar 26, 2019",Twenty20
RR,Kings XI,Kings XI,14 runs,Jaipur,"Mar 25, 2019",Twenty20
MI,DC,DC,37 runs,Wankhede,"Mar 24, 2019",Twenty20
KKR,SRH,KKR,6 wickets,Eden Gardens,"Mar 24, 2019",Twenty20
CSK,RCB,CSK,7 wickets,Chennai,"Mar 23, 2019",Twenty20
Team 1,Team 2,Winner,Margin,Ground,Match Date,Scorecard
DC,MI,MI,5 wickets,Dubai (DICS),"Nov 10, 2020",Twenty20
DC,SRH,DC,17 runs,Abu Dhabi,"Nov 8, 2020",Twenty20
RCB,SRH,SRH,6 wickets,Abu Dhabi,"Nov 6, 2020",Twenty20
DC,MI,MI,57 runs,Dubai (DICS),"Nov 5, 2020",Twenty20
SRH,MI,SRH,10 wickets,Sharjah,"Nov 3, 2020",Twenty20
DC,RCB,DC,6 wickets,Abu Dhabi,"Nov 2, 2020",Twenty20
KKR,RR,KKR,60 runs,Dubai (DICS),"Nov 1, 2020",Twenty20
CSK,Kings XI,CSK,9 wickets,Abu Dhabi,"Nov 1, 2020",Twenty20
RCB,SRH,SRH,5 wickets,Sharjah,"Oct 31, 2020",Twenty20
DC,MI,MI,9 wickets,Dubai (DICS),"Oct 31, 2020",Twenty20
Kings XI,RR,RR,7 wickets,Abu Dhabi,"Oct 30, 2020",Twenty20
CSK,KKR,CSK,6 wickets,Dubai (DICS),"Oct 29, 2020",Twenty20
MI,RCB,MI,5 wickets,Abu Dhabi,"Oct 28, 2020",Twenty20
SRH,DC,SRH,88 runs,Dubai (DICS),"Oct 27, 2020",Twenty20
KKR,Kings XI,Kings XI,8 wickets,Sharjah,"Oct 26, 2020",Twenty20
RR,MI,RR,8 wickets,Abu Dhabi,"Oct 25, 2020",Twenty20
RCB,CSK,CSK,8 wickets,Dubai (DICS),"Oct 25, 2020",Twenty20
Kings XI,SRH,Kings XI,12 runs,Dubai (DICS),"Oct 24, 2020",Twenty20
KKR,DC,KKR,59 runs,Abu Dhabi,"Oct 24, 2020",Twenty20
CSK,MI,MI,10 wickets,Sharjah,"Oct 23, 2020",Twenty20
RR,SRH,SRH,8 wickets,Dubai (DICS),"Oct 22, 2020",Twenty20
KKR,RCB,RCB,8 wickets,Abu Dhabi,"Oct 21, 2020",Twenty20
Kings XI,DC,Kings XI,5 wickets,Dubai (DICS),"Oct 20, 2020",Twenty20
CSK,RR,RR,7 wickets,Abu Dhabi,"Oct 19, 2020",Twenty20
MI,Kings XI,tied,-,Dubai (DICS),"Oct 18, 2020",Twenty20
SRH,KKR,tied,-,Abu Dhabi,"Oct 18, 2020",Twenty20
DC,CSK,DC,5 wickets,Sharjah,"Oct 17, 2020",Twenty20
RR,RCB,RCB,7 wickets,Dubai (DICS),"Oct 17, 2020",Twenty20
MI,KKR,MI,8 wickets,Abu Dhabi,"Oct 16, 2020",Twenty20
RCB,Kings XI,Kings XI,8 wickets,Sharjah,"Oct 15, 2020",Twenty20
DC,RR,DC,13 runs,Dubai (DICS),"Oct 14, 2020",Twenty20
SRH,CSK,CSK,20 runs,Dubai (DICS),"Oct 13, 2020",Twenty20
RCB,KKR,RCB,82 runs,Sharjah,"Oct 12, 2020",Twenty20
MI,DC,MI,5 wickets,Abu Dhabi,"Oct 11, 2020",Twenty20
SRH,RR,RR,5 wickets,Dubai (DICS),"Oct 11, 2020",Twenty20
CSK,RCB,RCB,37 runs,Dubai (DICS),"Oct 10, 2020",Twenty20
Kings XI,KKR,KKR,2 runs,Abu Dhabi,"Oct 10, 2020",Twenty20
RR,DC,DC,46 runs,Sharjah,"Oct 9, 2020",Twenty20
SRH,Kings XI,SRH,69 runs,Dubai (DICS),"Oct 8, 2020",Twenty20
KKR,CSK,KKR,10 runs,Abu Dhabi,"Oct 7, 2020",Twenty20
MI,RR,MI,57 runs,Abu Dhabi,"Oct 6, 2020",Twenty20
RCB,DC,DC,59 runs,Dubai (DICS),"Oct 5, 2020",Twenty20
Kings XI,CSK,CSK,10 wickets,Dubai (DICS),"Oct 4, 2020",Twenty20
MI,SRH,MI,34 runs,Sharjah,"Oct 4, 2020",Twenty20
DC,KKR,DC,18 runs,Sharjah,"Oct 3, 2020",Twenty20
RCB,RR,RCB,8 wickets,Abu Dhabi,"Oct 3, 2020",Twenty20
CSK,SRH,SRH,7 runs,Dubai (DICS),"Oct 2, 2020",Twenty20
Kings XI,MI,MI,48 runs,Abu Dhabi,"Oct 1, 2020",Twenty20
RR,KKR,KKR,37 runs,Dubai (DICS),"Sep 30, 2020",Twenty20
DC,SRH,SRH,15 runs,Abu Dhabi,"Sep 29, 2020",Twenty20
RCB,MI,tied,-,Dubai (DICS),"Sep 28, 2020",Twenty20
RR,Kings XI,RR,4 wickets,Sharjah,"Sep 27, 2020",Twenty20
KKR,SRH,KKR,7 wickets,Abu Dhabi,"Sep 26, 2020",Twenty20
CSK,DC,DC,44 runs,Dubai (DICS),"Sep 25, 2020",Twenty20
Kings XI,RCB,Kings XI,97 runs,Dubai (DICS),"Sep 24, 2020",Twenty20
KKR,MI,MI,49 runs,Abu Dhabi,"Sep 23, 2020",Twenty20
RR,CSK,RR,16 runs,Sharjah,"Sep 22, 2020",Twenty20
SRH,RCB,RCB,10 runs,Dubai (DICS),"Sep 21, 2020",Twenty20
DC,Kings XI,tied,-,Dubai (DICS),"Sep 20, 2020",Twenty20
MI,CSK,CSK,5 wickets,Abu Dhabi,"Sep 19, 2020",Twenty20
Team 1,Team 2,Winner,Margin,Ground,Match Date,Scorecard
CSK,KKR,CSK,27 runs,Dubai (DICS),"Oct 15, 2021",Twenty20
DC,KKR,KKR,3 wickets,Sharjah,"Oct 13, 2021",Twenty20
RCB,KKR,KKR,4 wickets,Sharjah,"Oct 11, 2021",Twenty20
DC,CSK,CSK,4 wickets,Dubai (DICS),"Oct 10, 2021",Twenty20
RCB,DC,RCB,7 wickets,Dubai (DICS),"Oct 8, 2021",Twenty20
SRH,MI,MI,42 runs,Abu Dhabi,"Oct 8, 2021",Twenty20
KKR,RR,KKR,86 runs,Sharjah,"Oct 7, 2021",Twenty20
CSK,Punjab Kings,Punjab Kings,6 wickets,Dubai (DICS),"Oct 7, 2021",Twenty20
RCB,SRH,SRH,4 runs,Abu Dhabi,"Oct 6, 2021",Twenty20
RR,MI,MI,8 wickets,Sharjah,"Oct 5, 2021",Twenty20
DC,CSK,DC,3 wickets,Dubai (DICS),"Oct 4, 2021",Twenty20
KKR,SRH,KKR,6 wickets,Dubai (DICS),"Oct 3, 2021",Twenty20
RCB,Punjab Kings,RCB,6 runs,Sharjah,"Oct 3, 2021",Twenty20
RR,CSK,RR,7 wickets,Abu Dhabi,"Oct 2, 2021",Twenty20
MI,DC,DC,4 wickets,Sharjah,"Oct 2, 2021",Twenty20
KKR,Punjab Kings,Punjab Kings,5 wickets,Dubai (DICS),"Oct 1, 2021",Twenty20
SRH,CSK,CSK,6 wickets,Sharjah,"Sep 30, 2021",Twenty20
RR,RCB,RCB,7 wickets,Dubai (DICS),"Sep 29, 2021",Twenty20
MI,Punjab Kings,MI,6 wickets,Abu Dhabi,"Sep 28, 2021",Twenty20
KKR,DC,KKR,3 wickets,Sharjah,"Sep 28, 2021",Twenty20
SRH,RR,SRH,7 wickets,Dubai (DICS),"Sep 27, 2021",Twenty20
RCB,MI,RCB,54 runs,Dubai (DICS),"Sep 26, 2021",Twenty20
CSK,KKR,CSK,2 wickets,Abu Dhabi,"Sep 26, 2021",Twenty20
SRH,Punjab Kings,Punjab Kings,5 runs,Sharjah,"Sep 25, 2021",Twenty20
DC,RR,DC,33 runs,Abu Dhabi,"Sep 25, 2021",Twenty20
RCB,CSK,CSK,6 wickets,Sharjah,"Sep 24, 2021",Twenty20
MI,KKR,KKR,7 wickets,Abu Dhabi,"Sep 23, 2021",Twenty20
DC,SRH,DC,8 wickets,Dubai (DICS),"Sep 22, 2021",Twenty20
Punjab Kings,RR,RR,2 runs,Dubai (DICS),"Sep 21, 2021",Twenty20
KKR,RCB,KKR,9 wickets,Abu Dhabi,"Sep 20, 2021",Twenty20
CSK,MI,CSK,20 runs,Dubai (DICS),"Sep 19, 2021",Twenty20
Punjab Kings,DC,DC,7 wickets,Ahmedabad,"May 2, 2021",Twenty20
RR,SRH,RR,55 runs,Delhi,"May 2, 2021",Twenty20
MI,CSK,MI,4 wickets,Delhi,"May 1, 2021",Twenty20
Punjab Kings,RCB,Punjab Kings,34 runs,Ahmedabad,"Apr 30, 2021",Twenty20
DC,KKR,DC,7 wickets,Ahmedabad,"Apr 29, 2021",Twenty20
MI,RR,MI,7 wickets,Delhi,"Apr 29, 2021",Twenty20
CSK,SRH,CSK,7 wickets,Delhi,"Apr 28, 2021",Twenty20
DC,RCB,RCB,1 run,Ahmedabad,"Apr 27, 2021",Twenty20
Punjab Kings,KKR,KKR,5 wickets,Ahmedabad,"Apr 26, 2021",Twenty20
SRH,DC,tied,-,Chennai,"Apr 25, 2021",Twenty20
CSK,RCB,CSK,69 runs,Wankhede,"Apr 25, 2021",Twenty20
RR,KKR,RR,6 wickets,Wankhede,"Apr 24, 2021",Twenty20
Punjab Kings,MI,Punjab Kings,9 wickets,Chennai,"Apr 23, 2021",Twenty20
RCB,RR,RCB,10 wickets,Wankhede,"Apr 22, 2021",Twenty20
KKR,CSK,CSK,18 runs,Wankhede,"Apr 21, 2021",Twenty20
Punjab Kings,SRH,SRH,9 wickets,Chennai,"Apr 21, 2021",Twenty20
DC,MI,DC,6 wickets,Chennai,"Apr 20, 2021",Twenty20
CSK,RR,CSK,45 runs,Wankhede,"Apr 19, 2021",Twenty20
DC,Punjab Kings,DC,6 wickets,Wankhede,"Apr 18, 2021",Twenty20
RCB,KKR,RCB,38 runs,Chennai,"Apr 18, 2021",Twenty20
MI,SRH,MI,13 runs,Chennai,"Apr 17, 2021",Twenty20
Punjab Kings,CSK,CSK,6 wickets,Wankhede,"Apr 16, 2021",Twenty20
RR,DC,RR,3 wickets,Wankhede,"Apr 15, 2021",Twenty20
SRH,RCB,RCB,6 runs,Chennai,"Apr 14, 2021",Twenty20
KKR,MI,MI,10 runs,Chennai,"Apr 13, 2021",Twenty20
RR,Punjab Kings,Punjab Kings,4 runs,Wankhede,"Apr 12, 2021",Twenty20
SRH,KKR,KKR,10 runs,Chennai,"Apr 11, 2021",Twenty20
CSK,DC,DC,7 wickets,Wankhede,"Apr 10, 2021",Twenty20
MI,RCB,RCB,2 wickets,Chennai,"Apr 9, 2021",Twenty20
Team 1,Team 2,Winner,Margin,Ground,Match Date,Scorecard
GT,RR,GT,7 wickets,Ahmedabad,"May 29, 2022",Twenty20
RR,RCB,RR,7 wickets,Ahmedabad,"May 27, 2022",Twenty20
LSG,RCB,RCB,14 runs,Eden Gardens,"May 25, 2022",Twenty20
GT,RR,GT,7 wickets,Eden Gardens,"May 24, 2022",Twenty20
SRH,Punjab Kings,Punjab Kings,5 wickets,Wankhede,"May 22, 2022",Twenty20
MI,DC,MI,5 wickets,Wankhede,"May 21, 2022",Twenty20
RR,CSK,RR,5 wickets,Brabourne,"May 20, 2022",Twenty20
RCB,GT,RCB,8 wickets,Wankhede,"May 19, 2022",Twenty20
KKR,LSG,LSG,2 runs,DY Patil,"May 18, 2022",Twenty20
MI,SRH,SRH,3 runs,Wankhede,"May 17, 2022",Twenty20
Punjab Kings,DC,DC,17 runs,DY Patil,"May 16, 2022",Twenty20
LSG,RR,RR,24 runs,Brabourne,"May 15, 2022",Twenty20
CSK,GT,GT,7 wickets,Wankhede,"May 15, 2022",Twenty20
KKR,SRH,KKR,54 runs,Pune,"May 14, 2022",Twenty20
RCB,Punjab Kings,Punjab Kings,54 runs,Brabourne,"May 13, 2022",Twenty20
CSK,MI,MI,5 wickets,Wankhede,"May 12, 2022",Twenty20
RR,DC,DC,8 wickets,DY Patil,"May 11, 2022",Twenty20
LSG,GT,GT,62 runs,Pune,"May 10, 2022",Twenty20
MI,KKR,KKR,52 runs,DY Patil,"May 9, 2022",Twenty20
CSK,DC,CSK,91 runs,DY Patil,"May 8, 2022",Twenty20
SRH,RCB,RCB,67 runs,Wankhede,"May 8, 2022",Twenty20
LSG,KKR,LSG,75 runs,Pune,"May 7, 2022",Twenty20
Punjab Kings,RR,RR,6 wickets,Wankhede,"May 7, 2022",Twenty20
GT,MI,MI,5 runs,Brabourne,"May 6, 2022",Twenty20
DC,SRH,DC,21 runs,Brabourne,"May 5, 2022",Twenty20
RCB,CSK,RCB,13 runs,Pune,"May 4, 2022",Twenty20
GT,Punjab Kings,Punjab Kings,8 wickets,DY Patil,"May 3, 2022",Twenty20
KKR,RR,KKR,7 wickets,Wankhede,"May 2, 2022",Twenty20
SRH,CSK,CSK,13 runs,Pune,"May 1, 2022",Twenty20
DC,LSG,LSG,6 runs,Wankhede,"May 1, 2022",Twenty20
RR,MI,MI,5 wickets,DY Patil,"Apr 30, 2022",Twenty20
GT,RCB,GT,6 wickets,Brabourne,"Apr 30, 2022",Twenty20
Punjab Kings,LSG,LSG,20 runs,Pune,"Apr 29, 2022",Twenty20
DC,KKR,DC,4 wickets,Wankhede,"Apr 28, 2022",Twenty20
GT,SRH,GT,5 wickets,Wankhede,"Apr 27, 2022",Twenty20
RCB,RR,RR,29 runs,Pune,"Apr 26, 2022",Twenty20
Punjab Kings,CSK,Punjab Kings,11 runs,Wankhede,"Apr 25, 2022",Twenty20
LSG,MI,LSG,36 runs,Wankhede,"Apr 24, 2022",Twenty20
RCB,SRH,SRH,9 wickets,Brabourne,"Apr 23, 2022",Twenty20
KKR,GT,GT,8 runs,DY Patil,"Apr 23, 2022",Twenty20
DC,RR,RR,15 runs,Wankhede,"Apr 22, 2022",Twenty20
MI,CSK,CSK,3 wickets,DY Patil,"Apr 21, 2022",Twenty20
DC,Punjab Kings,DC,9 wickets,Brabourne,"Apr 20, 2022",Twenty20
LSG,RCB,RCB,18 runs,DY Patil,"Apr 19, 2022",Twenty20
RR,KKR,RR,7 runs,Brabourne,"Apr 18, 2022",Twenty20
GT,CSK,GT,3 wickets,Pune,"Apr 17, 2022",Twenty20
Punjab Kings,SRH,SRH,7 wickets,DY Patil,"Apr 17, 2022",Twenty20
DC,RCB,RCB,16 runs,Wankhede,"Apr 16, 2022",Twenty20
MI,LSG,LSG,18 runs,Brabourne,"Apr 16, 2022",Twenty20
SRH,KKR,SRH,7 wickets,Brabourne,"Apr 15, 2022",Twenty20
RR,GT,GT,37 runs,DY Patil,"Apr 14, 2022",Twenty20
MI,Punjab Kings,Punjab Kings,12 runs,Pune,"Apr 13, 2022",Twenty20
CSK,RCB,CSK,23 runs,DY Patil,"Apr 12, 2022",Twenty20
SRH,GT,SRH,8 wickets,DY Patil,"Apr 11, 2022",Twenty20
RR,LSG,RR,3 runs,Wankhede,"Apr 10, 2022",Twenty20
KKR,DC,DC,44 runs,Brabourne,"Apr 10, 2022",Twenty20
RCB,MI,RCB,7 wickets,Pune,"Apr 9, 2022",Twenty20
CSK,SRH,SRH,8 wickets,DY Patil,"Apr 9, 2022",Twenty20
Punjab Kings,GT,GT,6 wickets,Brabourne,"Apr 8, 2022",Twenty20
LSG,DC,LSG,6 wickets,DY Patil,"Apr 7, 2022",Twenty20
KKR,MI,KKR,5 wickets,Pune,"Apr 6, 2022",Twenty20
RR,RCB,RCB,4 wickets,Wankhede,"Apr 5, 2022",Twenty20
SRH,LSG,LSG,12 runs,DY Patil,"Apr 4, 2022",Twenty20
CSK,Punjab Kings,Punjab Kings,54 runs,Brabourne,"Apr 3, 2022",Twenty20
GT,DC,GT,14 runs,Pune,"Apr 2, 2022",Twenty20
MI,RR,RR,23 runs,DY Patil,"Apr 2, 2022",Twenty20
KKR,Punjab Kings,KKR,6 wickets,Wankhede,"Apr 1, 2022",Twenty20
LSG,CSK,LSG,6 wickets,Brabourne,"Mar 31, 2022",Twenty20
RCB,KKR,RCB,3 wickets,DY Patil,"Mar 30, 2022",Twenty20
SRH,RR,RR,61 runs,Pune,"Mar 29, 2022",Twenty20
GT,LSG,GT,5 wickets,Wankhede,"Mar 28, 2022",Twenty20
Punjab Kings,RCB,Punjab Kings,5 wickets,DY Patil,"Mar 27, 2022",Twenty20
DC,MI,DC,4 wickets,Brabourne,"Mar 27, 2022",Twenty20
CSK,KKR,KKR,6 wickets,Wankhede,"Mar 26, 2022",Twenty20
Team 1,Team 2,Winner,Margin,Ground,Match Date,Scorecard
GT,CSK,CSK,5 wickets,Ahmedabad,"May 28-29, 2023",Twenty20
GT,MI,GT,62 runs,Ahmedabad,"May 26, 2023",Twenty20
LSG,MI,MI,81 runs,Chennai,"May 24, 2023",Twenty20
CSK,GT,CSK,15 runs,Chennai,"May 23, 2023",Twenty20
RCB,GT,GT,6 wickets,Bengaluru,"May 21, 2023",Twenty20
MI,SRH,MI,8 wickets,Wankhede,"May 21, 2023",Twenty20
KKR,LSG,LSG,1 run,Eden Gardens,"May 20, 2023",Twenty20
DC,CSK,CSK,77 runs,Delhi,"May 20, 2023",Twenty20
Punjab Kings,RR,RR,4 wickets,Dharamsala,"May 19, 2023",Twenty20
SRH,RCB,RCB,8 wickets,Hyderabad,"May 18, 2023",Twenty20
Punjab Kings,DC,DC,15 runs,Dharamsala,"May 17, 2023",Twenty20
LSG,MI,LSG,5 runs,Lucknow,"May 16, 2023",Twenty20
GT,SRH,GT,34 runs,Ahmedabad,"May 15, 2023",Twenty20
CSK,KKR,KKR,6 wickets,Chennai,"May 14, 2023",Twenty20
RR,RCB,RCB,112 runs,Jaipur,"May 14, 2023",Twenty20
DC,Punjab Kings,Punjab Kings,31 runs,Delhi,"May 13, 2023",Twenty20
SRH,LSG,LSG,7 wickets,Hyderabad,"May 13, 2023",Twenty20
MI,GT,MI,27 runs,Wankhede,"May 12, 2023",Twenty20
KKR,RR,RR,9 wickets,Eden Gardens,"May 11, 2023",Twenty20
CSK,DC,CSK,27 runs,Chennai,"May 10, 2023",Twenty20
MI,RCB,MI,6 wickets,Wankhede,"May 9, 2023",Twenty20
KKR,Punjab Kings,KKR,5 wickets,Eden Gardens,"May 8, 2023",Twenty20
RR,SRH,SRH,4 wickets,Jaipur,"May 7, 2023",Twenty20
GT,LSG,GT,56 runs,Ahmedabad,"May 7, 2023",Twenty20
DC,RCB,DC,7 wickets,Delhi,"May 6, 2023",Twenty20
CSK,MI,CSK,6 wickets,Chennai,"May 6, 2023",Twenty20
RR,GT,GT,9 wickets,Jaipur,"May 5, 2023",Twenty20
SRH,KKR,KKR,5 runs,Hyderabad,"May 4, 2023",Twenty20
Punjab Kings,MI,MI,6 wickets,Mohali,"May 3, 2023",Twenty20
LSG,CSK,no result,-,Lucknow,"May 3, 2023",Twenty20
GT,DC,DC,5 runs,Ahmedabad,"May 2, 2023",Twenty20
LSG,RCB,RCB,18 runs,Lucknow,"May 1, 2023",Twenty20
MI,RR,MI,6 wickets,Wankhede,"Apr 30, 2023",Twenty20
CSK,Punjab Kings,Punjab Kings,4 wickets,Chennai,"Apr 30, 2023",Twenty20
DC,SRH,SRH,9 runs,Delhi,"Apr 29, 2023",Twenty20
KKR,GT,GT,7 wickets,Eden Gardens,"Apr 29, 2023",Twenty20
Punjab Kings,LSG,LSG,56 runs,Mohali,"Apr 28, 2023",Twenty20
RR,CSK,RR,32 runs,Jaipur,"Apr 27, 2023",Twenty20
RCB,KKR,KKR,21 runs,Bengaluru,"Apr 26, 2023",Twenty20
GT,MI,GT,55 runs,Ahmedabad,"Apr 25, 2023",Twenty20
SRH,DC,DC,7 runs,Hyderabad,"Apr 24, 2023",Twenty20
KKR,CSK,CSK,49 runs,Eden Gardens,"Apr 23, 2023",Twenty20
RCB,RR,RCB,7 runs,Bengaluru,"Apr 23, 2023",Twenty20
MI,Punjab Kings,Punjab Kings,13 runs,Wankhede,"Apr 22, 2023",Twenty20
LSG,GT,GT,7 runs,Lucknow,"Apr 22, 2023",Twenty20
CSK,SRH,CSK,7 wickets,Chennai,"Apr 21, 2023",Twenty20
DC,KKR,DC,4 wickets,Delhi,"Apr 20, 2023",Twenty20
Punjab Kings,RCB,RCB,24 runs,Mohali,"Apr 20, 2023",Twenty20
RR,LSG,LSG,10 runs,Jaipur,"Apr 19, 2023",Twenty20
SRH,MI,MI,14 runs,Hyderabad,"Apr 18, 2023",Twenty20
RCB,CSK,CSK,8 runs,Bengaluru,"Apr 17, 2023",Twenty20
GT,RR,RR,3 wickets,Ahmedabad,"Apr 16, 2023",Twenty20
MI,KKR,MI,5 wickets,Wankhede,"Apr 16, 2023",Twenty20
LSG,Punjab Kings,Punjab Kings,2 wickets,Lucknow,"Apr 15, 2023",Twenty20
RCB,DC,RCB,23 runs,Bengaluru,"Apr 15, 2023",Twenty20
KKR,SRH,SRH,23 runs,Eden Gardens,"Apr 14, 2023",Twenty20
Punjab Kings,GT,GT,6 wickets,Mohali,"Apr 13, 2023",Twenty20
CSK,RR,RR,3 runs,Chennai,"Apr 12, 2023",Twenty20
DC,MI,MI,6 wickets,Delhi,"Apr 11, 2023",Twenty20
RCB,LSG,LSG,1 wicket,Bengaluru,"Apr 10, 2023",Twenty20
SRH,Punjab Kings,SRH,8 wickets,Hyderabad,"Apr 9, 2023",Twenty20
GT,KKR,KKR,3 wickets,Ahmedabad,"Apr 9, 2023",Twenty20
MI,CSK,CSK,7 wickets,Wankhede,"Apr 8, 2023",Twenty20
RR,DC,RR,57 runs,Guwahati,"Apr 8, 2023",Twenty20
LSG,SRH,LSG,5 wickets,Lucknow,"Apr 7, 2023",Twenty20
KKR,RCB,KKR,81 runs,Eden Gardens,"Apr 6, 2023",Twenty20
RR,Punjab Kings,Punjab Kings,5 runs,Guwahati,"Apr 5, 2023",Twenty20
DC,GT,GT,6 wickets,Delhi,"Apr 4, 2023",Twenty20
CSK,LSG,CSK,12 runs,Chennai,"Apr 3, 2023",Twenty20
RCB,MI,RCB,8 wickets,Bengaluru,"Apr 2, 2023",Twenty20
SRH,RR,RR,72 runs,Hyderabad,"Apr 2, 2023",Twenty20
LSG,DC,LSG,50 runs,Lucknow,"Apr 1, 2023",Twenty20
Punjab Kings,KKR,Punjab Kings,7 runs,Mohali,"Apr 1, 2023",Twenty20
GT,CSK,GT,5 wickets,Ahmedabad,"Mar 31, 2023",Twenty20
Team 1,Team 2,Winner,Margin,Ground,Match Date,Scorecard
KKR,SRH,KKR,8 wickets,Chennai,"May 26, 2024",Twenty20
RR,SRH,SRH,36 runs,Chennai,"May 24, 2024",Twenty20
RR,RCB,RR,4 wickets,Ahmedabad,"May 22, 2024",Twenty20
KKR,SRH,KKR,8 wickets,Ahmedabad,"May 21, 2024",Twenty20
RR,KKR,no result,-,Guwahati,"May 19, 2024",Twenty20
SRH,Punjab Kings,SRH,4 wickets,Hyderabad,"May 19, 2024",Twenty20
RCB,CSK,RCB,27 runs,Bengaluru,"May 18, 2024",Twenty20
MI,LSG,LSG,18 runs,Wankhede,"May 17, 2024",Twenty20
RR,Punjab Kings,Punjab Kings,5 wickets,Guwahati,"May 15, 2024",Twenty20
DC,LSG,DC,19 runs,Delhi,"May 14, 2024",Twenty20
RCB,DC,RCB,47 runs,Bengaluru,"May 12, 2024",Twenty20
CSK,RR,CSK,5 wickets,Chennai,"May 12, 2024",Twenty20
KKR,MI,KKR,18 runs,Eden Gardens,"May 11, 2024",Twenty20
GT,CSK,GT,35 runs,Ahmedabad,"May 10, 2024",Twenty20
Punjab Kings,RCB,RCB,60 runs,Dharamsala,"May 9, 2024",Twenty20
SRH,LSG,SRH,10 wickets,Hyderabad,"May 8, 2024",Twenty20
DC,RR,DC,20 runs,Delhi,"May 7, 2024",Twenty20
MI,SRH,MI,7 wickets,Wankhede,"May 6, 2024",Twenty20
LSG,KKR,KKR,98 runs,Lucknow,"May 5, 2024",Twenty20
Punjab Kings,CSK,CSK,28 runs,Dharamsala,"May 5, 2024",Twenty20
RCB,GT,RCB,4 wickets,Bengaluru,"May 4, 2024",Twenty20
MI,KKR,KKR,24 runs,Wankhede,"May 3, 2024",Twenty20
SRH,RR,SRH,1 run,Hyderabad,"May 2, 2024",Twenty20
CSK,Punjab Kings,Punjab Kings,7 wickets,Chennai,"May 1, 2024",Twenty20
LSG,MI,LSG,4 wickets,Lucknow,"Apr 30, 2024",Twenty20
KKR,DC,KKR,7 wickets,Eden Gardens,"Apr 29, 2024",Twenty20
CSK,SRH,CSK,78 runs,Chennai,"Apr 28, 2024",Twenty20
GT,RCB,RCB,9 wickets,Ahmedabad,"Apr 28, 2024",Twenty20
LSG,RR,RR,7 wickets,Lucknow,"Apr 27, 2024",Twenty20
DC,MI,DC,10 runs,Delhi,"Apr 27, 2024",Twenty20
KKR,Punjab Kings,Punjab Kings,8 wickets,Eden Gardens,"Apr 26, 2024",Twenty20
SRH,RCB,RCB,35 runs,Hyderabad,"Apr 25, 2024",Twenty20
DC,GT,DC,4 runs,Delhi,"Apr 24, 2024",Twenty20
CSK,LSG,LSG,6 wickets,Chennai,"Apr 23, 2024",Twenty20
RR,MI,RR,9 wickets,Jaipur,"Apr 22, 2024",Twenty20
Punjab Kings,GT,GT,3 wickets,Mullanpur,"Apr 21, 2024",Twenty20
KKR,RCB,KKR,1 run,Eden Gardens,"Apr 21, 2024",Twenty20
DC,SRH,SRH,67 runs,Delhi,"Apr 20, 2024",Twenty20
LSG,CSK,LSG,8 wickets,Lucknow,"Apr 19, 2024",Twenty20
Punjab Kings,MI,MI,9 runs,Mullanpur,"Apr 18, 2024",Twenty20
GT,DC,DC,6 wickets,Ahmedabad,"Apr 17, 2024",Twenty20
KKR,RR,RR,2 wickets,Eden Gardens,"Apr 16, 2024",Twenty20
RCB,SRH,SRH,25 runs,Bengaluru,"Apr 15, 2024",Twenty20
MI,CSK,CSK,20 runs,Wankhede,"Apr 14, 2024",Twenty20
KKR,LSG,KKR,8 wickets,Eden Gardens,"Apr 14, 2024",Twenty20
Punjab Kings,RR,RR,3 wickets,Mullanpur,"Apr 13, 2024",Twenty20
LSG,DC,DC,6 wickets,Lucknow,"Apr 12, 2024",Twenty20
MI,RCB,MI,7 wickets,Wankhede,"Apr 11, 2024",Twenty20
RR,GT,GT,3 wickets,Jaipur,"Apr 10, 2024",Twenty20
Punjab Kings,SRH,SRH,2 runs,Mullanpur,"Apr 9, 2024",Twenty20
CSK,KKR,CSK,7 wickets,Chennai,"Apr 8, 2024",Twenty20
LSG,GT,LSG,33 runs,Lucknow,"Apr 7, 2024",Twenty20
MI,DC,MI,29 runs,Wankhede,"Apr 7, 2024",Twenty20
RR,RCB,RR,6 wickets,Jaipur,"Apr 6, 2024",Twenty20
SRH,CSK,SRH,6 wickets,Hyderabad,"Apr 5, 2024",Twenty20
GT,Punjab Kings,Punjab Kings,3 wickets,Ahmedabad,"Apr 4, 2024",Twenty20
DC,KKR,KKR,106 runs,Visakhapatnam,"Apr 3, 2024",Twenty20
RCB,LSG,LSG,28 runs,Bengaluru,"Apr 2, 2024",Twenty20
MI,RR,RR,6 wickets,Wankhede,"Apr 1, 2024",Twenty20
DC,CSK,DC,20 runs,Visakhapatnam,"Mar 31, 2024",Twenty20
GT,SRH,GT,7 wickets,Ahmedabad,"Mar 31, 2024",Twenty20
LSG,Punjab Kings,LSG,21 runs,Lucknow,"Mar 30, 2024",Twenty20
RCB,KKR,KKR,7 wickets,Bengaluru,"Mar 29, 2024",Twenty20
RR,DC,RR,12 runs,Jaipur,"Mar 28, 2024",Twenty20
SRH,MI,SRH,31 runs,Hyderabad,"Mar 27, 2024",Twenty20
CSK,GT,CSK,63 runs,Chennai,"Mar 26, 2024",Twenty20
RCB,Punjab Kings,RCB,4 wickets,Bengaluru,"Mar 25, 2024",Twenty20
GT,MI,GT,6 runs,Ahmedabad,"Mar 24, 2024",Twenty20
RR,LSG,RR,20 runs,Jaipur,"Mar 24, 2024",Twenty20
KKR,SRH,KKR,4 runs,Eden Gardens,"Mar 23, 2024",Twenty20
Punjab Kings,DC,Punjab Kings,4 wickets,Mullanpur,"Mar 23, 2024",Twenty20
CSK,RCB,CSK,6 wickets,Chennai,"Mar 22, 2024",Twenty20
